comment_id,video_id,parent_id,is_reply,author,text,likes,published_at,updated_at,reply_count
UgwFzjhw2iqHWOP4-zd4AaABAg,kn0IZelsCoM,,False,@afaq9424,Now it's 115k üòÇ,0,2025-08-23T20:17:44Z,2025-08-23T20:17:44Z,0
UgzxyTDkhTzdqTWUYrV4AaABAg,kn0IZelsCoM,,False,@funlearning5809,waqar zaka mjy apna assistant bana lo,0,2025-07-08T15:16:03Z,2025-07-08T15:16:03Z,0
UgyijQTwOLuZUUadXoJ4AaABAg,kn0IZelsCoM,,False,@MuhammadHaris-hw5xp,Respect to Sir Waqar Zaka.,0,2025-06-23T11:18:15Z,2025-06-23T11:18:15Z,0
UgwFUPI1T896u8hzmlp4AaABAg,kn0IZelsCoM,,False,@GulzarHassan-w2w,Weldone Waqar Zaka for thinking Pakistan and Pakistanis,0,2025-06-03T06:02:42Z,2025-06-03T06:02:42Z,0
Ugw0l3uoKOyf43gq-xJ4AaABAg,kn0IZelsCoM,,False,@DrSayedZohaib,Abay darial crypto haram hae Ghair Sharai hae üòÆtujy shadeed tabligh k zaroort hae,0,2025-04-03T11:23:58Z,2025-04-03T11:23:58Z,0
UgxlO9eAQY9s807wXUx4AaABAg,kn0IZelsCoM,,False,@thelightemam,Waqar Bhai Love hain ap aur Azad Bhai ka to Level e aur hai ‚ù§,0,2025-04-02T23:40:04Z,2025-04-02T23:40:04Z,0
UgxqzwNz2AAy22-95nV4AaABAg,kn0IZelsCoM,,False,@mtalibjan4084,I want to learn about crypto,0,2025-03-06T11:13:02Z,2025-03-06T11:13:02Z,0
Ugyz5AdNvQVLAxN0u554AaABAg,kn0IZelsCoM,,False,@JunaidKhan-q5x,Salute Waqar zaka respect such personalities Not many think about nation firstüéâ,2,2025-02-26T19:52:50Z,2025-02-26T19:55:32Z,0
Ugyierc6rLFoLf4QC7x4AaABAg,kn0IZelsCoM,,False,@JunaidKhan-q5x,Azad Chaiwala Sitting On sofa exactly Like a chaiwalaüòÇ,1,2025-02-26T19:20:22Z,2025-02-26T19:20:22Z,0
UgxVvHRFh9ipkhxEX294AaABAg,kn0IZelsCoM,,False,@ahtishamnadeem1314,waoo this is what we want for future from pakistan waqar zaka and azad chaiwala THUMBS UP !,0,2025-02-24T17:46:34Z,2025-02-24T17:46:34Z,0
Ugxlpjk0CDhfldjN9Tt4AaABAg,kn0IZelsCoM,,False,@dumbobilal,Gambling is a skill?,0,2025-02-05T21:24:48Z,2025-02-05T21:24:48Z,0
UgxXnkrnM3ZBjjgd8xp4AaABAg,kn0IZelsCoM,,False,@ZeeshanAli-l1o2r,Great job ‚ù§,0,2025-01-22T14:52:06Z,2025-01-22T14:52:06Z,0
UgxKcLni4bp6HkXvmRF4AaABAg,kn0IZelsCoM,,False,@kashmalakiyani6026,Sir many scholars say crypto is haram in Islam. Could you explain it? Either is it haram or halal??,0,2025-01-10T17:37:16Z,2025-01-10T17:37:16Z,0
UgzwZMWOZWTspXwtQ6d4AaABAg,kn0IZelsCoM,,False,@syedtaufeeqhaider4042,25:59 lines ‚ù§‚ù§,1,2025-01-10T12:47:02Z,2025-01-10T12:47:02Z,0
Ugw9oBWOkJl-z-_8m4x4AaABAg,kn0IZelsCoM,,False,@Amazon_gad,pehlay to ye faisla karen k crypto halal hay ya haram aj tak ulama eska faisla nahi kar sakay  k ye halal hay ya haram,1,2024-12-31T19:16:13Z,2024-12-31T19:16:13Z,0
Ugyp_CoM8o9wvy2Lrp54AaABAg,kn0IZelsCoM,,False,@mubeenali8331,Haram kha lo tum sab shortcut maro,0,2024-12-30T08:05:13Z,2024-12-30T08:05:13Z,0
Ugzk5AbIiWiayO0vsU94AaABAg,kn0IZelsCoM,,False,@muhammadkhalilurrehman,804K vewz,0,2024-12-28T21:38:10Z,2024-12-28T21:38:10Z,0
UgzuOWxY6F1KhiE-RTp4AaABAg,kn0IZelsCoM,,False,@deebaparveen6010,I want to serve human physically &spirutally  can you help me,0,2024-12-06T11:06:49Z,2024-12-06T11:06:49Z,0
UgzbSxlwq44zWqYqZyR4AaABAg,kn0IZelsCoM,,False,@mubasherrehman8142,Great waqar zaka,1,2024-12-06T10:29:02Z,2024-12-06T10:29:02Z,0
UgwsMSYFiAsJU66N_6l4AaABAg,kn0IZelsCoM,,False,@Qaim-j6m,one of the best talks ive heard so far.......... See you BLOCK CHAIN,0,2024-12-04T08:15:58Z,2024-12-04T08:15:58Z,0
UgwJoCKSLhAjjIo4b3B4AaABAg,kn0IZelsCoM,,False,@Darazbazaarpk,Waqar is the most straight forward man i have ever seen...üòÇüòÇ.,1,2024-12-04T06:03:27Z,2024-12-04T06:03:27Z,0
UgxvoHAaBL2XXJxPsep4AaABAg,kn0IZelsCoM,,False,@wksy_boy,"Waqar zaka is a genius who always tried to bring betterment to the society (specially to Pakistanis üò¢) 
But nobody listned to him at that time.   
  But i dont think that   there is a man better that him regarding his skills and  confidence üòä.    Please üôè Pakistanis come and learn  Blockchain technology and crypto.    And achieve financial freedom as majority in Pakistan is unable to meet their basic needs  please Pakistan. Stand up üò¢",2,2024-11-17T15:49:25Z,2024-11-17T15:49:25Z,0
Ugwig7d9kUl7sdhyltV4AaABAg,kn0IZelsCoM,,False,@hishamyousufzai2328,Waqar Zaka is really great guy...‚ù§,0,2024-09-19T11:11:10Z,2024-09-19T11:11:10Z,0
UgwRJY9B5O_jk2dqETB4AaABAg,kn0IZelsCoM,,False,@lizzyfeeback,"Great analysis, thank you! I need some advice: I have a SafePal wallet with USDT, and I have the seed phrase. (air carpet target dish off jeans toilet sweet piano spoil fruit essay). How can I transfer them to Binance?",0,2024-09-18T02:12:01Z,2024-09-18T02:12:01Z,0
UgwU2sN8X_rZZagaxQZ4AaABAg,kn0IZelsCoM,,False,@Farhan.B,‚ù§King Waqar Zaka,0,2024-07-23T15:09:22Z,2024-07-23T15:09:22Z,0
UgxRWzr_4UlU0bu3nnd4AaABAg,kn0IZelsCoM,,False,@KashifTheEntrepreneur,God bless u  Guysüòç,0,2024-06-09T06:26:51Z,2024-06-09T06:26:51Z,0
UgygD4Rz0eAabqaLiqd4AaABAg,kn0IZelsCoM,,False,@Sanwal48,waqar  zaka is great men,0,2024-04-23T17:21:27Z,2024-04-23T17:21:27Z,0
Ugyh75GzQZcGnw8HXHh4AaABAg,kn0IZelsCoM,,False,@AffectionateAnt-zv8ch,Love you too Waqar bhai,0,2024-04-20T03:55:51Z,2024-04-20T03:55:51Z,0
UgxbI3jnUov3WYXGUD14AaABAg,kn0IZelsCoM,,False,@3333-c6l,Respect waqar bhai 27:30 üíØ% sahi baat kee hai,0,2024-04-12T11:31:17Z,2024-04-12T11:31:17Z,0
UgwTHNcCVn1pAmNeNp94AaABAg,kn0IZelsCoM,,False,@amassociates6182,‚ù§‚ù§‚ù§‚ù§‚ù§‚ù§,0,2024-02-18T20:56:45Z,2024-02-18T20:56:45Z,0
UgzuqdncGqwLWyzL2ld4AaABAg,kn0IZelsCoM,,False,@RashadAliBhatti,Nice,0,2024-01-28T02:58:10Z,2024-01-28T02:58:10Z,0
UgwxMG51n7YVCZLdwjh4AaABAg,kn0IZelsCoM,,False,@ShahzaibAftab-cy5tl,Yaha to account hi nai bnra trade to dur he ü§¶üèΩ‚Äç‚ôÇÔ∏è,1,2023-12-20T07:48:54Z,2023-12-20T07:48:54Z,0
Ugx6TKXXEXCTQwMpagx4AaABAg,kn0IZelsCoM,,False,@Zaryab017,Zabrdast Waqar sir mazaa Aya aapko dekh Kay...,0,2023-11-26T03:09:08Z,2023-11-26T03:09:08Z,0
UgyAulardr7k60nYKhF4AaABAg,kn0IZelsCoM,,False,@Assu-Gamer,üòÖüòÖüòÖüòÖ,0,2023-11-18T04:29:16Z,2023-11-18T04:29:16Z,0
UgxhW6UJiOCh4l-E_pJ4AaABAg,kn0IZelsCoM,,False,@amij1553,Apnai to crypto ko to fake kaha tha na,0,2023-09-16T08:56:55Z,2023-09-16T08:56:55Z,0
UgxvnG7rJOBPbfAK1PZ4AaABAg,kn0IZelsCoM,,False,@just_aiming407,Nd finally mujy crypto sy hi is bndy ka pta chla....,0,2023-08-26T16:57:07Z,2023-08-26T16:57:07Z,0
UgxnDDeU9nsiHBasKUx4AaABAg,kn0IZelsCoM,,False,@Sont394,Love you brother ‚ù§,0,2023-07-15T11:53:33Z,2023-07-15T11:53:33Z,0
Ugzr9AvM_JHBL4wekHF4AaABAg,kn0IZelsCoM,,False,@CartoonBks-kt5sr,I love Hazrat Muhammaf ‚ù§,0,2023-07-11T18:37:59Z,2023-07-11T18:37:59Z,0
UgwS-DATAXcM_bFxMH14AaABAg,kn0IZelsCoM,,False,@emilywatson2171,"It's always a honor to have you as a mentor , I learn a lot watching your videos and it has been so helpful to me. Can you make a new video explaining how beginners can make huge profit within a short period of time",1,2023-07-05T14:48:09Z,2023-07-05T14:48:09Z,0
UgwZck6DavRz6E4guN14AaABAg,kn0IZelsCoM,,False,@Sukkurcnc,waqar zaka kay program m add hona buht mushkil kam hai,0,2023-06-26T13:49:08Z,2023-06-26T13:49:08Z,0
UgzWbyV56M1uL1Sb2FV4AaABAg,kn0IZelsCoM,,False,@Mzromeoeditx,Kabhi Andrew tate ko bhi bulao show me..üòÅ,0,2023-05-28T20:07:27Z,2023-05-28T20:07:27Z,1
UgzWbyV56M1uL1Sb2FV4AaABAg.9qGgEmqNt1E9r13MqTXP9v,kn0IZelsCoM,UgzWbyV56M1uL1Sb2FV4AaABAg,True,@Fundoze284,ü§£ü§£ü§£ü§£ü§£ü§£,0,2023-06-16T15:01:48Z,2023-06-16T15:01:48Z,0
UgyDDC1S2MKSiy4KXod4AaABAg,kn0IZelsCoM,,False,@zarafatima8038,"Azad bhai ap crypto sy yeh trading sy itna darty hn TU esa dekha jay tu koi b bussiness start kryn TU is myn b risk HOTA ha.. lazmi TU nhi KY bussiness axha chal jay aur koi loss naw ho... So, believe on yourself üíØ",0,2023-05-27T22:57:57Z,2023-05-27T22:57:57Z,0
Ugx6uwP0w74Wgw0PE6V4AaABAg,kn0IZelsCoM,,False,@zameenbizpk,crypto main logo ko choona lagaya hai pakistan main ab kahan hai,0,2023-05-25T13:54:12Z,2023-05-25T13:54:12Z,0
UgwaVcmgPfWizxm5jVV4AaABAg,kn0IZelsCoM,,False,@Yab1992,how to join group,0,2023-05-22T14:40:12Z,2023-05-22T14:40:12Z,0
Ugw3Bg2Mep1CfGPPi-V4AaABAg,kn0IZelsCoM,,False,@Gaming13-c3n,Do ghadey ek sath,0,2023-05-22T12:14:28Z,2023-05-22T12:14:28Z,0
UgzfXU5Z9Py2DNYM6kp4AaABAg,kn0IZelsCoM,,False,@nadeemmalik7338,"pakistan ka andrew TATE nikla waqar b
thanks both of you :)",1,2023-05-21T13:09:07Z,2023-05-21T13:09:07Z,0
UgwUEfnAOU17_il-t3F4AaABAg,kn0IZelsCoM,,False,@taimuramankhan2623,"Script la kar betha karen, we are investing our time to learn something about crypto currency. ap idhr udhar ki maar rahy hou.",1,2023-05-16T12:39:17Z,2023-05-16T12:44:00Z,0
UgwhaV_QePAeOXLQTVZ4AaABAg,kn0IZelsCoM,,False,@shafiqbarakamadi4875,we proud of You People,0,2023-05-07T18:56:55Z,2023-05-07T18:56:55Z,0
UgyGBrmQrQqk_Y5AmAZ4AaABAg,kn0IZelsCoM,,False,@shafiqbarakamadi4875,Love Pakistan,0,2023-05-07T18:56:04Z,2023-05-07T18:56:04Z,0
Ugw5T8NhH32UUX5bGqF4AaABAg,kn0IZelsCoM,,False,@shafiqbarakamadi4875,I love You Azad baie and Waqar baie too,0,2023-05-07T18:55:31Z,2023-05-07T18:55:31Z,0
UgzbNVbsoM9LsT12f9V4AaABAg,kn0IZelsCoM,,False,@undergroundboy-bi8ps,Fake,0,2023-05-07T16:32:38Z,2023-05-07T16:32:38Z,0
UgxqstOKIzFIYoEq4oR4AaABAg,kn0IZelsCoM,,False,@archanakoley7267,Great personality Waqar zaka. What a brain you have got . One day become a role model of Crypto currency.,0,2023-05-01T10:34:48Z,2023-05-01T10:34:48Z,0
UgwOqzTALxRUsmXNV_x4AaABAg,kn0IZelsCoM,,False,@goldenboyy8075,NO,0,2023-04-29T17:10:42Z,2023-04-29T17:10:42Z,0
UgyaThCVr0iqEkrHA394AaABAg,kn0IZelsCoM,,False,@aqeelnadeem1858,G g bhai jis ki tmhare baray may thinking achi ha wo acha insan ha or jis ki thinking ap k baray may gandi ha wo bura insan ha ( so nyc of you,0,2023-04-24T00:22:14Z,2023-04-24T00:22:14Z,0
Ugy6jYmnolPHnd2MJG14AaABAg,kn0IZelsCoM,,False,@shahidvfi,You both real progressive Pakistanies  God bless you both‚ù§‚ù§‚ù§,0,2023-04-23T16:03:59Z,2023-04-23T16:03:59Z,0
Ugyv3N8yqdN5JxuIDEd4AaABAg,kn0IZelsCoM,,False,@thundafundamentalist,"Crypto is haram
Hence I don't recommend it to any muslim who wishes to learn halal source of income",0,2023-04-23T15:41:59Z,2023-04-23T15:41:59Z,1
Ugyv3N8yqdN5JxuIDEd4AaABAg.9or51oMDFqR9otWyoRVrUM,kn0IZelsCoM,Ugyv3N8yqdN5JxuIDEd4AaABAg,True,@user-Rayyan123,Saboot?,0,2023-04-24T14:24:35Z,2023-04-24T14:24:35Z,0
Ugx8JrxacytoiBvHTIx4AaABAg,kn0IZelsCoM,,False,@HaseebaMaryam-ei8hj,ye waqar bhai to 500USD mangta hy fee individual yahan py 10 dollar keh ehy hain,0,2023-04-16T07:58:31Z,2023-04-16T07:58:31Z,1
Ugx8JrxacytoiBvHTIx4AaABAg.9oZER94e2EM9pT80ChJsEq,kn0IZelsCoM,Ugx8JrxacytoiBvHTIx4AaABAg,True,@FaizanKhan-qq4vm,10 dollars üíµ hi hw,0,2023-05-08T19:38:21Z,2023-05-08T19:38:21Z,0
Ugz-cJGfTH4M-ec9UXR4AaABAg,kn0IZelsCoM,,False,@ziarehman156,You both are genius and doing a great job üéâüéâüéâüéâ,0,2023-04-14T08:43:30Z,2023-04-14T08:43:30Z,0
Ugy-Ca0400vXGMGy34B4AaABAg,kn0IZelsCoM,,False,@saminatahir9667,Azad bhai ap apny institute MN plz needy person ko free admition dy dn,0,2023-04-13T19:39:37Z,2023-04-13T19:39:37Z,0
Ugz6sJ7vAHs2km_-rUt4AaABAg,kn0IZelsCoM,,False,@atharbhatti5265,2no farig hain...khd kama k dusron ko giyaan de rahay hain...,0,2023-04-13T17:08:03Z,2023-04-13T17:08:03Z,0
UgwZ2IVDW04TPtI2R_h4AaABAg,kn0IZelsCoM,,False,@AsgharALI12126,Both are uslesss logo ko bata future trade per kitna commission khata hai ü§£ü§£ü§£ü§£ü§£ or Azad sahab Kon sa 12 saal awam ko phudddu benan band kero,1,2023-04-13T07:01:35Z,2023-04-13T07:01:35Z,0
UgyKsYh3LUCobTH4j894AaABAg,kn0IZelsCoM,,False,@Inamullah-nk4li,assalam o alaikum,0,2023-04-12T11:23:45Z,2023-04-12T11:23:45Z,0
UgwwR6ZhS-RcuFrgqjh4AaABAg,kn0IZelsCoM,,False,@kingkone1835,Azad chaiwala ap to Kathy hain k forum applications lot rahi hai scam hai octa fx bhi scam hai iq options bhi scam hai about q waqar zaka se crypto ki tareefy or waqar zaka ki tareefy kr rahy ho...ab achi hai training kya ? Afsos Azad chaiwala,0,2023-04-11T04:30:25Z,2023-04-11T04:30:25Z,1
UgwwR6ZhS-RcuFrgqjh4AaABAg.9oLzd_SdTmw9oe2ppdpRoL,kn0IZelsCoM,UgwwR6ZhS-RcuFrgqjh4AaABAg,True,@kingkone1835,"@Jeb Mughal OctaFX ye main nhi kehta azad, chaey wala bolta h majn yo usko bol raha hn k apto octafx ko galt kehty ho ha, na video bnai hui h deakh lo",0,2023-04-18T14:12:36Z,2023-04-18T14:12:36Z,0
Ugxt6DvFYoT_PkXyjy94AaABAg,kn0IZelsCoM,,False,@faisalsheikh1558,WaQar I love you brother,0,2023-04-09T00:14:43Z,2023-04-09T00:14:43Z,0
UgzLoNHrjxtTvq0YNOd4AaABAg,kn0IZelsCoM,,False,@faisalsheikh1558,You are great person seriously,0,2023-04-09T00:06:49Z,2023-04-09T00:06:49Z,0
UgwHXiGNsYC7kFU-qGV4AaABAg,kn0IZelsCoM,,False,@MohsinCinematographer,we need waqar zaka as a prime minister,0,2023-04-05T18:50:57Z,2023-04-05T18:50:57Z,0
UgxWoyspnHCT456KM_x4AaABAg,kn0IZelsCoM,,False,@nadeemjani2148,I like Waqar zaka on his crypto analysis,1,2023-03-31T00:30:31Z,2023-03-31T00:30:31Z,0
Ugw67GLI3JOMBAlmUDx4AaABAg,kn0IZelsCoM,,False,@grozadada8693,Waqar don ‚ù§,0,2023-03-30T17:05:25Z,2023-03-30T17:05:25Z,0
UgyBwuT44xSNuGeqcUF4AaABAg,kn0IZelsCoM,,False,@fizashah9785,Crypto hai kia waqar bhi bta den,0,2023-03-25T17:08:34Z,2023-03-25T17:08:34Z,0
Ugwzad5BkOyM_ri0W3R4AaABAg,kn0IZelsCoM,,False,@shaheerbutt_,in crypto futures trade is totally haram in islam,1,2023-03-21T20:11:09Z,2023-03-21T20:11:09Z,2
Ugwzad5BkOyM_ri0W3R4AaABAg.9nXabPUz4Xe9oA_gUzwbOp,kn0IZelsCoM,Ugwzad5BkOyM_ri0W3R4AaABAg,True,@zohaib5636,Kese haram hai bhai tu proof krke bta de muje bas,0,2023-04-06T18:11:58Z,2023-04-06T18:11:58Z,0
Ugwzad5BkOyM_ri0W3R4AaABAg.9nXabPUz4Xe9oAltHgkPAh,kn0IZelsCoM,Ugwzad5BkOyM_ri0W3R4AaABAg,True,@shaheerbutt_,"@@zohaib5636 interest islam mai haram hai so future, day, margin trading haram hai google kr lo ya ksi alim se pooch lo",1,2023-04-06T19:58:34Z,2023-04-06T19:58:34Z,0
UgxhFGcvBAc3FJN6Vpl4AaABAg,kn0IZelsCoM,,False,@mstrworld1405,mujhey bitcoin mien invest kerney ka masla nhi hai but the thing is kya ye halal bhi hai? kyunke mienay kai scholars Mufti Tariq Masood aur Sahil Adeem etc se suna hai kai is barey mien kuch nhi kaha ja sakta baki scholars haram bhi kehtay hain,1,2023-03-18T18:50:02Z,2023-03-18T18:50:02Z,0
UgwU9WHMnyVi_qv2Edp4AaABAg,kn0IZelsCoM,,False,@chandgulzar3144,God bless you sir,0,2023-03-06T12:14:36Z,2023-03-06T12:14:36Z,0
UgyKEmSm3lhQZUFECn14AaABAg,kn0IZelsCoM,,False,@LetsCricketWithWaqas,Great show. Learned alot,0,2023-03-05T20:20:20Z,2023-03-05T20:20:20Z,0
Ugyuxy22JpLqSyNT4Zx4AaABAg,kn0IZelsCoM,,False,@skyblue1769,Great man,0,2023-03-02T11:08:45Z,2023-03-02T11:08:45Z,0
Ugw3SxHerlT6RY1Dkxl4AaABAg,kn0IZelsCoM,,False,@AbdulBasit-pf8mx,waqar sir ka school bitcoin..,0,2023-02-27T08:37:11Z,2023-02-27T08:37:11Z,0
UgxwUWNCZeMhH3LgHFh4AaABAg,kn0IZelsCoM,,False,@AbdulBasit-pf8mx,location plz,0,2023-02-27T08:36:41Z,2023-02-27T08:36:41Z,0
UgxTEN3KU_N9HKK1KlF4AaABAg,kn0IZelsCoM,,False,@AbdulBasit-pf8mx,azad sir bitcoin ka school kdr hain sir ka....,0,2023-02-27T08:36:32Z,2023-02-27T08:36:32Z,0
Ugz4QzonHySYeH-8bLd4AaABAg,kn0IZelsCoM,,False,@aahmudabbaas,bgm is so annoying sometimes honestly,1,2023-02-25T07:03:00Z,2023-02-25T07:03:00Z,0
UgzY2vDAHcjH6Au16oR4AaABAg,kn0IZelsCoM,,False,@ghazalasaeed8218,ÿ≤ÿ®ÿ±ÿØÿ≥ÿ™ €å€Å Ÿæÿ±Ÿà⁄Øÿ±ÿßŸÖ ŸÖ€å⁄∫ Ÿà€å⁄à€åŸà ÿßÿ™ŸÜÿß ŸÖÿ¨⁄æ€í Ÿπ⁄æ€å⁄© ŸÑ⁄Øÿßÿ¶€í ÿßÿ≥ ŸÖ€å⁄∫ ⁄©⁄Ü⁄æ ÿ≥Ÿà⁄Ü €Å€í ŸÑŸà⁄ØŸà⁄∫ ⁄©€í ŸÑÿ¶€í,0,2023-02-21T10:51:40Z,2023-02-21T10:51:40Z,0
Ugx2g1TR-88vs3IVjHF4AaABAg,kn0IZelsCoM,,False,@learnandgrow2003,Good lecture üî•üî•üíØüíñ‚ù§Ô∏èüòçüòç,0,2023-02-16T06:53:01Z,2023-02-16T06:53:01Z,0
UgxNDTOFI_mA10XZSPx4AaABAg,kn0IZelsCoM,,False,@topakmaarclick73,Nice,0,2023-02-13T02:29:14Z,2023-02-13T02:29:14Z,0
UgzwBVKaqhzxFzytuBh4AaABAg,kn0IZelsCoM,,False,@Maryam-malik.,Sooo good conversation inspiration motivational speaker about the bright future,1,2023-01-24T08:06:19Z,2023-01-24T08:06:19Z,0
Ugz2Y2odVcxEor7DYg14AaABAg,kn0IZelsCoM,,False,@mianfahad6880,I really appreciate it... you both guys doing well,0,2023-01-22T14:59:53Z,2023-01-22T14:59:53Z,0
UgwFS6FmH-bgJgHvxgt4AaABAg,kn0IZelsCoM,,False,@healthyfoodbenefit,Sir is laal shirt wale sir ka contact number to dy do,1,2022-12-25T12:54:51Z,2022-12-25T12:54:51Z,0
UgxovwdvJi4dJA4O4D94AaABAg,kn0IZelsCoM,,False,@heheh1550,Waqar zaka is a sincere man. Who doesn't make mistakes? Bas farq itna hai key his mistakes are displayed in front of the world Aur hamari chupi hui hain. Lekin jab aik banda sincere hojata hai toh hum kon hotey hain uska past judge karney waley,2,2022-12-25T00:22:48Z,2022-12-25T00:22:48Z,0
UgxX0X5bFJ7oMrGtHFN4AaABAg,kn0IZelsCoM,,False,@heheh1550,Baat kuch is tarah hai key Jo banda bhi mulk ki bhalai key liye kam karta ha ya awam usko nahi chorti. Is ghurbat key zimadar hum khud hain.,0,2022-12-25T00:15:49Z,2022-12-25T00:15:49Z,0
Ugyjyqw-Wzgxx04eC-t4AaABAg,kn0IZelsCoM,,False,@zohaibiqbal6420,Millo yar waqar Bhai Kaha. Hu app ajOo wapsi plz,0,2022-12-15T21:25:25Z,2022-12-15T21:25:25Z,0
UgxBu8t8WRWuUq2993N4AaABAg,kn0IZelsCoM,,False,@bemotivated2133,So cryptocurrency trading Halal??,0,2022-12-13T10:35:47Z,2022-12-13T10:35:47Z,0
UgwNWUoCAR3HDYcwt9t4AaABAg,kn0IZelsCoM,,False,@Umerkhan88777,HE'S A REAL HERO WAQAR ZAKA‚ù§‚ù§,0,2022-12-08T19:08:08Z,2022-12-08T19:08:08Z,0
UgzKden_G8JWOtHqGap4AaABAg,kn0IZelsCoM,,False,@ownaim2155,greatness from both of you... good intentions for pakistan,0,2022-12-06T07:41:06Z,2022-12-06T07:41:06Z,0
UgworcyYWDncG9WX5dt4AaABAg,kn0IZelsCoM,,False,@77FNF777,I want to learn about bitcoin,0,2022-12-05T11:59:59Z,2022-12-05T11:59:59Z,0
UgyRiDvqipo7Uv1Y7e94AaABAg,kn0IZelsCoM,,False,@muwasserahmed4599,Waqar zaka I'll support you in politics khare ho elections per,0,2022-11-27T17:54:24Z,2022-11-27T17:54:24Z,0
Ugwk-AwftLoD0EN6f3h4AaABAg,kn0IZelsCoM,,False,@kachrachi,This did NOT age well. All that glitters is not Gold.,0,2022-11-13T16:18:35Z,2022-11-13T16:18:35Z,0
Ugyo6LL37r06xvmezh54AaABAg,kn0IZelsCoM,,False,@aishascollection9381,"Assalam o alaikum Sir Forsage bhe Block Chain he na,,,",0,2022-11-11T06:20:25Z,2022-11-11T06:20:25Z,0
Ugz6ds8pWitSZWvaBsF4AaABAg,kn0IZelsCoM,,False,@PKPLAYZ01,,0,2022-10-28T08:22:16Z,2022-10-28T08:22:16Z,0
UgyFWopJYPHeTQSWpWl4AaABAg,kn0IZelsCoM,,False,@theloremasterzlibrary,[Bitcoin is] the biggest opportunity set we can think of over the next decade,0,2022-10-24T05:25:12Z,2022-10-24T05:25:12Z,0
Ugx_jtAIfhjVoaoV_hh4AaABAg,kn0IZelsCoM,,False,@abdullahyto,"Waqar bhai is underrated, literally a king",0,2022-10-18T14:26:02Z,2022-10-18T14:26:02Z,0
UgyPtjKHJcfyYD_NqAh4AaABAg,kn0IZelsCoM,,False,@NidaMoizTheHijabiArtist,Is it halal to work with crypto in islam?,0,2022-10-06T10:38:54Z,2022-10-06T10:38:54Z,0
UgyVqjTiiNR8zL50cBl4AaABAg,kn0IZelsCoM,,False,@AbdulMajeed-pr6uw,"How can I join Sir,I am an engineer doing private service but unable to run my home matters.Hopping u will guide me properly.",0,2022-09-17T12:48:28Z,2022-09-17T12:48:28Z,0
Ugz6qumPiw1-sODWCpd4AaABAg,kn0IZelsCoM,,False,@1minwithLeo,music name at END,0,2022-09-06T11:50:01Z,2022-09-06T11:50:01Z,0
UgxLnSTdrbc_1d_Y2V54AaABAg,kn0IZelsCoM,,False,@1minwithLeo,keep it up we are with you,0,2022-09-06T11:43:59Z,2022-09-06T11:43:59Z,0
Ugz2_6ANkQxULnNl3k94AaABAg,kn0IZelsCoM,,False,@irfanmasih7481,azaad bhai aap promote kar rahey ho to definetly we invest in crypto,0,2022-09-03T13:29:56Z,2022-09-03T13:29:56Z,0
UgxsLcAA8t0weSWcXrB4AaABAg,kn0IZelsCoM,,False,@thedesicoder6391,Abb sab ko aram hai after crypto crash ?,0,2022-09-03T03:43:38Z,2022-09-03T03:43:38Z,1
UgxsLcAA8t0weSWcXrB4AaABAg.9fVQPRo10S89gamo5fZB6-,kn0IZelsCoM,UgxsLcAA8t0weSWcXrB4AaABAg,True,@alimurtaza8429,Lol dubara uth rha he,0,2022-09-30T11:34:57Z,2022-09-30T11:34:57Z,0
UgzigBYu3emN8yXjyfh4AaABAg,kn0IZelsCoM,,False,@ShehrozeBahadar,Warren buffet ky maar d good oneüòÇ,0,2022-08-29T14:10:04Z,2022-08-29T14:10:04Z,0
UgzEGdP6g--eFCrn8sl4AaABAg,kn0IZelsCoM,,False,@FizaKhan-kp7yd,Can someone having no IT knowledge can understand Crypto,0,2022-08-28T20:31:34Z,2022-08-28T20:31:34Z,0
Ugy52glW69mIoqfM6lN4AaABAg,kn0IZelsCoM,,False,@jesuswilljudgeyouoneday190,"Its haram , isn't it?",0,2022-08-25T12:05:51Z,2022-08-25T12:05:51Z,0
UgxnZC2idsBLZryVlcx4AaABAg,kn0IZelsCoM,,False,@hassanbilal3655,Mai crypto sekna chaita hu waqar sb sy in sy kasy contact kr skty hn plz infom me ????,0,2022-08-20T12:02:52Z,2022-08-20T12:02:52Z,0
UgzpDFEpjA02zuEYK994AaABAg,kn0IZelsCoM,,False,@miranbakhshgujjar4310,ÿ≥ÿ± ÿ≥€å⁄©⁄æ€å⁄∫ ⁄©€åÿ≥€í ŸæŸÑ€åÿ≤  ÿßŸàÿ± ⁄æÿß⁄∫ ÿ®€Åÿ™ ÿß⁄Ü⁄æ€å ÿ®ÿßÿ™€å⁄∫,1,2022-08-19T11:45:05Z,2022-08-19T11:45:05Z,0
UgwLQaOSAWnceBYudK94AaABAg,kn0IZelsCoM,,False,@Neuroclips10,Waqar zaka ka group kha se join kare,0,2022-08-18T23:11:51Z,2022-08-18T23:11:51Z,0
UgzAOJ16hvZ1pWK2XAx4AaABAg,kn0IZelsCoM,,False,@sadaftayab6548,Bhai kindly is cheez ko simple words mai jain k hai kya cheez crypto plz,0,2022-08-17T04:17:50Z,2022-08-17T04:17:50Z,0
UgzeLWKSKOH8UG55ZXJ4AaABAg,kn0IZelsCoM,,False,@sadaftayab6548,Waqar bhai mashallah looking very nice bhai am widow plz help mai seekhna chahti hun,0,2022-08-17T04:15:03Z,2022-08-17T04:15:03Z,0
Ugzrgt4XipAjxTvglYV4AaABAg,kn0IZelsCoM,,False,@relaxingnature2903,Kuch bhi samaj ma nahi aya,0,2022-08-17T03:58:26Z,2022-08-17T03:58:26Z,1
Ugzrgt4XipAjxTvglYV4AaABAg.9eof_yND2Zd9pVgnH0O4pK,kn0IZelsCoM,Ugzrgt4XipAjxTvglYV4AaABAg,True,@UmerGaming705,Pogo dekho phr,0,2023-05-09T19:29:30Z,2023-05-09T19:29:30Z,0
UgyKp0wM9QpWTpITp554AaABAg,kn0IZelsCoM,,False,@RAHILASHAIKH35,Whts his educational background relating too this field . he is jus media person,0,2022-08-15T18:56:20Z,2022-08-15T18:56:44Z,0
Ugzch1NQHOceYbUNaZR4AaABAg,kn0IZelsCoM,,False,@Povlife456,üëèüèºüëèüèºüëèüèº,0,2022-08-14T20:28:40Z,2022-08-14T20:28:40Z,0
Ugwl00ZjapSwol0NKi54AaABAg,kn0IZelsCoM,,False,@rabiasultana3228,Assalamualaikum sir please ap apna aik institute Faisalabad me bna len yahan k students ko skills sekhny ki bht ziada zarort h universities me fee pay kr k thak gay hn sb,0,2022-08-12T12:48:06Z,2022-08-12T12:48:06Z,0
UgyBG08VkJPR46pNTbF4AaABAg,kn0IZelsCoM,,False,@muhammadnasir3162,This is completely changed waqar zaka. Keep it up boy may u banged ur targets,0,2022-08-12T10:40:09Z,2022-08-12T10:40:09Z,0
UgyCIbFwU4qgb9AztbJ4AaABAg,kn0IZelsCoM,,False,@Stio942,Unsubscribed,0,2022-08-10T17:26:33Z,2022-08-10T17:26:33Z,0
UgwdN9zK702FaF-i7ul4AaABAg,kn0IZelsCoM,,False,@samidua2168,Waqar zaka ke hisy main hamesha ulty kam hi aty hain.,0,2022-08-08T17:56:46Z,2022-08-08T17:56:46Z,0
UgwWDY7VeMHYDAuuQWR4AaABAg,kn0IZelsCoM,,False,@asadniaz9636,Will you please teach me waqar zaka ?,0,2022-08-08T15:13:00Z,2022-08-08T15:13:00Z,0
Ugy8qDYvQZNg_nmUZh94AaABAg,kn0IZelsCoM,,False,@zahirakbar1390,Masha Allah waqar bhai Meri khuahish hai Pakistani awam sikhy ratta na lagay,0,2022-08-05T18:33:20Z,2022-08-05T18:33:20Z,0
UgzSdoEtv4F-Q-HyZ3J4AaABAg,kn0IZelsCoM,,False,@rateebplays1361,Azad bhai ap or waqar jani dono election mn kharay hojaye karachi sy üôèüèΩ,0,2022-08-05T01:14:36Z,2022-08-05T01:14:36Z,0
UgyrrQF1LR83MttT1ZB4AaABAg,kn0IZelsCoM,,False,@malikadnan4468,Future trading is haram,0,2022-08-04T13:54:43Z,2022-08-04T13:54:43Z,0
Ugw2mVWQFisVUAZJRld4AaABAg,kn0IZelsCoM,,False,@abkhan8978,"ghrur to sbse pehla haram hai , dusra ap kisi ko certify nhi kr skty kon sahi hai kon galt hr aik ka apna prespective ha, Han jahn tak aik knowledge ke bt hai i appricate you k ap ne steps.liya hein guide krny k liya",0,2022-08-04T00:03:16Z,2022-08-04T00:03:16Z,0
UgwTeLw6-RhAOdoWJ8R4AaABAg,kn0IZelsCoM,,False,@MQureshi1,duniya mein bohot chay hein lekin ye azaad sab se upper hai.,0,2022-07-31T19:55:36Z,2022-07-31T19:55:36Z,0
UgyO5WlwG_xxpFbgDhV4AaABAg,kn0IZelsCoM,,False,@abdullahshams9481,Crypto iss haram,0,2022-07-30T15:36:18Z,2022-07-30T15:36:18Z,0
Ugzy-XqGwD6RBc_07a54AaABAg,kn0IZelsCoM,,False,@bdulrehman225,Best üî•‚ù§Ô∏è,0,2022-07-30T06:17:29Z,2022-07-30T06:17:29Z,0
UgxdAzGCkEMpeSOs3594AaABAg,kn0IZelsCoM,,False,@TauqirAlamofficial,"Allah bless You ,,‚ù§Ô∏è",1,2022-07-22T16:31:16Z,2022-07-22T16:31:16Z,0
Ugz3PqOGu3lMGEZdwLl4AaABAg,kn0IZelsCoM,,False,@qarinaeemsahab1673,"love this show 
ma seekhna chahta hn ao se waqar bhai pora ak sall inshaallah",0,2022-07-21T20:52:48Z,2022-07-21T20:52:48Z,0
UgwzXT5Ly6oyBjLMovd4AaABAg,kn0IZelsCoM,,False,@InfoIkram1,Waqar zaka ka timing ka maasla hai kbhi ek time live ata tha kabhi dosri time jis ki waja sey hum ney future trading pey kuch nahi kamaya,0,2022-07-16T22:28:31Z,2022-07-16T22:28:31Z,3
UgwzXT5Ly6oyBjLMovd4AaABAg.9dZGBSF7t_m9e6Xpfmkb0N,kn0IZelsCoM,UgwzXT5Ly6oyBjLMovd4AaABAg,True,@MuzanWorld,"Beta tumhny learning he nai ki, agr ki hoti toh khudky signals bnaty or tapa tap passy kamaty.",0,2022-07-30T15:16:06Z,2022-07-30T15:16:06Z,0
UgwzXT5Ly6oyBjLMovd4AaABAg.9dZGBSF7t_m9e6b-TbknIi,kn0IZelsCoM,UgwzXT5Ly6oyBjLMovd4AaABAg,True,@InfoIkram1,@@MuzanWorld beta knowledge seek Nay ki liya membership le thi,0,2022-07-30T15:52:32Z,2022-07-30T15:52:32Z,0
UgwzXT5Ly6oyBjLMovd4AaABAg.9dZGBSF7t_m9e6pgBslCX2,kn0IZelsCoM,UgwzXT5Ly6oyBjLMovd4AaABAg,True,@MuzanWorld,@@InfoIkram1 toh dekho na ja k guide section prob kidr aarhi ha???,0,2022-07-30T18:00:50Z,2022-07-30T18:00:50Z,0
UgxdE8l1HCqrMIyYvzh4AaABAg,kn0IZelsCoM,,False,@hasnainbullo4927,Crapto main kasa inwast karn,0,2022-07-13T15:57:39Z,2022-07-13T15:57:39Z,0
UgzI6w2dDraTG4_-y2Z4AaABAg,kn0IZelsCoM,,False,@hasnainbullo4927,Bhai muja pokit money nhai malte te kaya bzniskarn,0,2022-07-13T15:56:58Z,2022-07-13T15:56:58Z,0
UgzBAoBlenoNs52mWLF4AaABAg,kn0IZelsCoM,,False,@alihaidersyed2626,"If we need guidance from waqar zaka ... about crypto mining machines, how should we contact him ? can you please provide details?",0,2022-07-10T23:37:26Z,2022-07-10T23:37:26Z,0
UgyjQxhC0dpZZpUJqZV4AaABAg,kn0IZelsCoM,,False,@cherylegariti7947,"BTC price has been fluctuating lately, buying the capitulation isn't a rough call but it's a very rough call to figure out what to do aside holding. The good thing this space is that you can buy the dip and put them into active trades while confidently waiting for a pump in price because it's inevitable. Most people don't understand how the space works. Your advantage is understanding, charts won't guarantee what an asset is going to do. Price will go up and down nevertheless, the market has been profitable despite fluctuations in price. 
I have always played safe implementing trade with insights and signals from a renowned trader, Adriana Campbell. I made thousands of dollars from the crash in the market lately.",29,2022-07-09T08:16:43Z,2022-07-09T08:16:43Z,9
UgyjQxhC0dpZZpUJqZV4AaABAg.9dFi8eDiHwO9dFjBMTqEYp,kn0IZelsCoM,UgyjQxhC0dpZZpUJqZV4AaABAg,True,@GeorgeSmith-xn2yw,"Buying crypto does not ensure profit always for you, the market price determines your profit. You need to recognize the existence of a spectacular factor and that's the duty of an expert broker to guide you on the right profitable stock to buy or invest in, glad I chose to trade with Adriana",0,2022-07-09T08:25:50Z,2022-07-09T08:25:50Z,0
UgyjQxhC0dpZZpUJqZV4AaABAg.9dFi8eDiHwO9dFkLzetlLF,kn0IZelsCoM,UgyjQxhC0dpZZpUJqZV4AaABAg,True,@paulchamberlain5125,I am very excited about the prospect of using cryptocurrency not just as money equivalent but using it as a way to earn something as a result of doing some type of work.,0,2022-07-09T08:36:01Z,2022-07-09T08:36:01Z,0
UgyjQxhC0dpZZpUJqZV4AaABAg.9dFi8eDiHwO9dFmOXpM-Jm,kn0IZelsCoM,UgyjQxhC0dpZZpUJqZV4AaABAg,True,@fernandorodrigo6776,"I'm impressed with the thoroughness and professionalism exhibited by Adriana Campbell, particularly her depth of knowledge, focus, integrity and attention to details makes me very comfortable investing in cryptocurrency with her.",0,2022-07-09T08:53:50Z,2022-07-09T08:53:50Z,0
UgyjQxhC0dpZZpUJqZV4AaABAg.9dFi8eDiHwO9dFo5lRnAyo,kn0IZelsCoM,UgyjQxhC0dpZZpUJqZV4AaABAg,True,@echeisaiah4570,"The recommendations and testimonies are overwhelming, I've seen Adriana name couple of times and also on top comments on YouTube and Twitter but didn't really pay attention, is she really that reliable?
How can I get in touch with her?",0,2022-07-09T09:08:45Z,2022-07-09T09:08:45Z,0
UgyjQxhC0dpZZpUJqZV4AaABAg.9dFi8eDiHwO9dFpHmx6NgJ,kn0IZelsCoM,UgyjQxhC0dpZZpUJqZV4AaABAg,True,@cherylegariti7947,@@echeisaiah4570 Her availability is sure on *TELEGRAM app* üíØ,0,2022-07-09T09:19:08Z,2022-07-09T09:19:08Z,0
UgxGXNAlaK4ShX2mze14AaABAg,kn0IZelsCoM,,False,@AzeemBhai-my5xb,Fvp trade  video,0,2022-07-07T16:32:29Z,2022-07-07T16:32:29Z,0
UgzU6b-facGuCpPstrN4AaABAg,kn0IZelsCoM,,False,@attaullahabbasi5241,I kow him frim crypto,0,2022-07-07T07:25:16Z,2022-07-07T07:25:16Z,0
Ugw54TSf8iMOiwlsmvd4AaABAg,kn0IZelsCoM,,False,@abdulwasay9174,Waqar zaka is so nice hearted person expressing from his face. Nice personality,0,2022-07-06T17:55:50Z,2022-07-06T17:55:50Z,0
UgzFlsc6IlmjFhQSxPV4AaABAg,kn0IZelsCoM,,False,@aghashahwaiz5919,Kindly waqar group link,0,2022-07-05T19:07:13Z,2022-07-05T19:07:13Z,0
Ugz4FSC9d8UTXBwYN-B4AaABAg,kn0IZelsCoM,,False,@AHsays,Pori video ma i was thinking but what is crypto actually ?,0,2022-07-03T11:46:12Z,2022-07-03T11:46:12Z,0
Ugyk5hmiBykrogfHNzZ4AaABAg,kn0IZelsCoM,,False,@Daywithzia,"Khuda ka Wasta Ap dono mese koi aik ya Dono Politics Mai Ajao. 
Hmara Mulk Upr lejao Plz. 
Alha learned TA & Harmonics for Crypto and now learning Video Editing for YouTube Channel. 
Bki dosto se b request h is trf Ajao",0,2022-06-29T03:23:09Z,2022-06-29T03:23:09Z,0
UgyhxJMItZvVI_4xlSZ4AaABAg,kn0IZelsCoM,,False,@Daywithzia,"My Two Inspiration in One Frame. ‚ù§Ô∏è
Waqar Bhai for Crypto Trading
Azad Bhai for YouTube. üíê",1,2022-06-29T03:02:31Z,2022-06-29T03:02:31Z,0
UgyMwqL_IdBNv9MEdtd4AaABAg,kn0IZelsCoM,,False,@abdulhamid3229,Crypto ka matlab crupt n craption,0,2022-06-25T19:25:52Z,2022-06-25T19:25:52Z,0
UgyMJvAUXPLMxljMRHp4AaABAg,kn0IZelsCoM,,False,@hassanahmadsheikh5130,You both guys are just trying to let the Nation invest All their money in cryptocurrency but either intentionally or unintentionally in long run asking people to send money out from Pakistan.... Eventually all the money Will be in the hands of foreign players,0,2022-06-25T11:09:29Z,2022-06-25T11:09:29Z,0
UgzfYfZfAzXou-fZrJZ4AaABAg,kn0IZelsCoM,,False,@egamer6671,Simple harram complete üíØ if u Muslim Baki azad chaiwala bahi u r going harram way,1,2022-06-22T21:32:10Z,2022-06-22T21:32:10Z,0
UgwFgBPgPB_09pTGTtt4AaABAg,kn0IZelsCoM,,False,@egamer6671,S,0,2022-06-22T21:30:20Z,2022-06-22T21:30:20Z,0
Ugy2peSyb4yQ9D5KKeJ4AaABAg,kn0IZelsCoM,,False,@yawergardazi5070,Amazing,0,2022-06-20T16:59:37Z,2022-06-20T16:59:37Z,0
UgwtVWQkVolevm4WGqV4AaABAg,kn0IZelsCoM,,False,@azharabbas1050,Both of these guys are absolute scams,0,2022-06-17T04:32:53Z,2022-06-17T04:32:53Z,1
UgwtVWQkVolevm4WGqV4AaABAg.9cMf1xQ-OaI9cZs7VebdRa,kn0IZelsCoM,UgwtVWQkVolevm4WGqV4AaABAg,True,@_ibrhm,Any proof ?,0,2022-06-22T07:37:22Z,2022-06-22T07:37:22Z,0
UgxOts1Y6RnfNguO4ZB4AaABAg,kn0IZelsCoM,,False,@babag6347,"Kabhi kehty ho ky trading thek hai kabhi kehty ho nae thek 
PHR kehty ho forex scam hai PHR es ka es ki batein sunwa ry",0,2022-06-14T20:03:10Z,2022-06-14T20:03:10Z,0
Ugxhxk-o6xI1gwcVDc54AaABAg,kn0IZelsCoM,,False,@zehrayasir1,I also want to learn crypto currency,0,2022-06-12T23:18:33Z,2022-06-12T23:18:33Z,0
Ugx4NJHdk2CqzmApI9B4AaABAg,kn0IZelsCoM,,False,@desihealthytips9333,Do number waqar zaka,0,2022-06-12T07:08:12Z,2022-06-12T07:08:12Z,0
UgyEM6htcyMULMNEJ9B4AaABAg,kn0IZelsCoM,,False,@Mohsintravellover,how much you are making monthly ?,0,2022-06-07T17:38:03Z,2022-06-07T17:38:03Z,0
UgzmiLOCtKNsZpBaDVN4AaABAg,kn0IZelsCoM,,False,@najamsinfo8693,Azad bhai ‚ù§Ô∏è,0,2022-06-06T15:58:52Z,2022-06-06T15:58:52Z,0
UgyuBn-eoW7cLgOg84J4AaABAg,kn0IZelsCoM,,False,@aftabahmed3240,"That's was a great conversation alhmdullah we have learn a lot from your debat, ‚ù§
Mash Allah it will works for everyone of us.",5,2022-06-05T13:50:45Z,2022-06-05T13:50:45Z,0
UgwT365dr7kj-nNYTfh4AaABAg,kn0IZelsCoM,,False,@hanankhan913,Why cant people say both things . Because you do haram things on social media and openly say that people have got a low mentality. Such a hypocrite. Being good in business and technology doesnt exempt you from anything . Such an asshole guy for saying this .,0,2022-06-04T16:06:29Z,2022-06-04T16:06:29Z,2
UgwT365dr7kj-nNYTfh4AaABAg.9brR4dMipZ49cZsJNLUcya,kn0IZelsCoM,UgwT365dr7kj-nNYTfh4AaABAg,True,@_ibrhm,Well you also know that low mentality exists in our daily routines. You can't deny it.,1,2022-06-22T07:38:59Z,2022-06-22T07:38:59Z,0
UgwT365dr7kj-nNYTfh4AaABAg.9brR4dMipZ49cdfFk9T3M5,kn0IZelsCoM,UgwT365dr7kj-nNYTfh4AaABAg,True,@hanankhan913,indeed!,0,2022-06-24T04:21:06Z,2022-06-24T04:21:06Z,0
UgztsToRhESOkGWG3iF4AaABAg,kn0IZelsCoM,,False,@alltop1017,Kya crypto halal hai?,0,2022-06-02T14:40:50Z,2022-06-02T14:40:50Z,0
UgzQbVu_kp6mN6pALOl4AaABAg,kn0IZelsCoM,,False,@sufyanansari5460,In ka konsa group he jha ye sikhate hn ye sb mera is me bht interest he i want to learn,0,2022-05-31T19:21:46Z,2022-05-31T19:21:46Z,0
Ugxv3fF_zvvUAJLf8zx4AaABAg,kn0IZelsCoM,,False,@sufyanansari5460,Kindly yar mujhay mining rig ka guide kr den,0,2022-05-31T19:08:03Z,2022-05-31T19:08:03Z,0
Ugwb1AShXVGaBSa0zXV4AaABAg,kn0IZelsCoM,,False,@gamersaji4167,Haram kama k kaya faida leverage margin futures etc sab m soud use ho rhi kaya faida aisi kamai ka,0,2022-05-27T15:32:21Z,2022-05-27T15:32:21Z,0
UgwadYVNJW2-0N7FDuB4AaABAg,kn0IZelsCoM,,False,@RazaInnovation,kml yr mza ata hn in logo per time spend kr ka good luck both,0,2022-05-22T18:21:03Z,2022-05-22T18:21:03Z,0
UgyVh_7UGiX8Q5oEwmR4AaABAg,kn0IZelsCoM,,False,@noureenrafiq4118,"Asalaam o alikum Azad bhai, need ur help for learning crypto plz provided ur cell no ???",0,2022-05-16T10:57:57Z,2022-05-16T10:57:57Z,0
UgxKtp6sL9lpsLoTb-V4AaABAg,kn0IZelsCoM,,False,@muhammadsuleman4398,Gajab topi baaj admi hai,0,2022-05-11T07:12:31Z,2022-05-11T07:12:31Z,0
UgyNAllja-bvHQAZ03J4AaABAg,kn0IZelsCoM,,False,@muhammadsuleman4398,Jhootay Covid mai bitcoin 4000 pe tha 200 dollar pe nahi,0,2022-05-11T06:59:47Z,2022-05-11T06:59:47Z,0
Ugzmhfz-9HZaMHt8_yJ4AaABAg,kn0IZelsCoM,,False,@junaidfiaz7172,Scamer .,0,2022-05-11T03:48:37Z,2022-05-11T03:48:37Z,0
Ugzeo47HEzNBPzzAhpR4AaABAg,kn0IZelsCoM,,False,@modedapk4807,I hate waqar,0,2022-05-06T20:41:04Z,2022-05-06T20:41:04Z,0
UgwqY0hMllZ7R4o7W7x4AaABAg,kn0IZelsCoM,,False,@TheVisitor15,*it is my almost 10th year im passing here in Europe in a leading financial company as a Senior Manager and was bound to do not work in any way shape or form as a freelancer or in any other company. but now from some time my contract is changed i decided to create a FREE basic stock market crypto and forex course with my all 10 years of experience and share it with people for Free*,0,2022-05-05T09:06:36Z,2022-05-05T09:06:36Z,0
Ugx1fUj6AzYKDRWeUdF4AaABAg,kn0IZelsCoM,,False,@thedrivespotpk8107,Jab koi institute paisay charge karna shoru karde woh exclusive lagna shoru hojata loghoon ko issliye paisay de kar seekh lein gaay liken free mea seriously nai lein gaay,0,2022-05-04T10:03:15Z,2022-05-04T10:03:15Z,0
UgzY6EFs8Feb1m9rZ594AaABAg,kn0IZelsCoM,,False,@waseemraza2441,"Waqar zaka and his team (Tenup) doing a fabulous job in educating people to earn handsome income. The quality of training these guys r providing is priceless, its hard to find such quality training in any other group i bet. Hats off to waqar zaka and his team (Tenup). Keep up the good work, my prayer r always with u guys",2,2022-05-02T04:29:04Z,2022-05-02T04:29:04Z,0
UgzKQNbwjDNdd0Gm_mh4AaABAg,kn0IZelsCoM,,False,@candycandy2681,Waqar zaka is really working hard to help his nation no one is like him every social media influencer is making is own money silently he is the one putting everything on the stake fighting with govt regulators and more. I believe we should join him thats our only home,0,2022-05-02T04:18:48Z,2022-05-02T04:18:48Z,0
UgwmY-SrZz1bWXphxCt4AaABAg,kn0IZelsCoM,,False,@WaqarKhan-wu9ss,Waqar zaka is great person as well as great teacher,2,2022-05-02T04:06:28Z,2022-05-02T04:06:28Z,0
UgxFckQAct6eruZjj2N4AaABAg,kn0IZelsCoM,,False,@mateenchohan8570,Iam waqar zaka fan for long time from living on the edge I don't have enough words to explain how great guy he is and what he have done pakistani youth give them awareness about making money and gain knowledge about crypto currency and because of this the change are coming In pakistani youth and economy and waqar is  playing great role in this I joined his face book page well I  really appreciate this guy how he fought the case in court alone . I don't think any other will able to do this iam still learning and knowledge is power I will thank you waqar zaka again,0,2022-05-02T03:41:04Z,2022-05-02T03:41:04Z,0
Ugzyc2WZrinNhVn2W_B4AaABAg,kn0IZelsCoM,,False,@quratulain1082,"Waqar sir my teacher, alhamdulillah I am earning from home. May Allah bless him and his team,",3,2022-05-02T03:32:10Z,2022-05-02T03:32:10Z,0
UgyEDIzRVLL-C4lsVkN4AaABAg,kn0IZelsCoM,,False,@Manno_Official,i have no words to explain the efforts of waqar zaka . but its true waqar zaka change many people life . i learn lots of things from waqar zaka group,1,2022-05-02T03:24:38Z,2022-05-02T03:24:38Z,0
UgxJDVDaO5FVc9RPffB4AaABAg,kn0IZelsCoM,,False,@allinone.7698,He is a one man army üëç‚ù£Ô∏è,1,2022-05-02T03:24:25Z,2022-05-02T03:24:25Z,0
UgzRSLwZb3FfZL2ASq14AaABAg,kn0IZelsCoM,,False,@allinone.7698,Best wishes for waqar zaka ‚ù§Ô∏è‚ù§Ô∏è‚ù§Ô∏è,1,2022-05-02T03:24:01Z,2022-05-02T03:24:01Z,0
UgynXpNIicmi8f0bvm54AaABAg,kn0IZelsCoM,,False,@muhammadwaqar9927,Waqar bhai is a Great Teacher and fantastic influencer  Always try to help,1,2022-05-02T03:23:35Z,2022-05-02T03:23:35Z,0
UgxQbsWt6J0Oir5XBPx4AaABAg,kn0IZelsCoM,,False,@sourcyworld6644,waqar zaka is a Gem,0,2022-05-02T03:23:16Z,2022-05-02T03:23:16Z,0
UgzZ1K41u6GjD6Lx-EB4AaABAg,kn0IZelsCoM,,False,@aqtechnical8215,Waqar zaka is crypto genius. He is the best person in Pakistan,1,2022-05-02T03:22:47Z,2022-05-02T03:22:47Z,0
UgyHwOplZfWJIxOxxjZ4AaABAg,kn0IZelsCoM,,False,@inamtabbasum7782,Azad bhai dekho crypto me ghar baithe paise kama rhe ho without mehnat aur crypto k paise Pakistan me nhi lag rhe blke ye illegal chezon me ziada lgta ha,0,2022-05-01T08:44:17Z,2022-05-01T08:44:17Z,0
UgwB4zpMIu_FPioICgl4AaABAg,kn0IZelsCoM,,False,@inamtabbasum7782,Azad bhai ye banda beghairat ha ap nhi smjhte yebbanda double mirror ha samne kuch aur ha aur back pr kuch aur ha aur keh rha ha k mera pocho beghairat ko kon pochega,0,2022-05-01T08:42:05Z,2022-05-01T08:42:05Z,0
Ugy03YwCTCqbAtcf9Ih4AaABAg,kn0IZelsCoM,,False,@anonymousboy2000,Agr us bndy my waqar zaka k bary Mai 2no bt khdi to wo bnda ksa hga??ü§î,0,2022-04-30T02:29:12Z,2022-04-30T02:29:12Z,0
Ugy9dECJ3M2fbw-d_Xl4AaABAg,kn0IZelsCoM,,False,@awaisiqbal5214,Everyone please refrain from futures trading as it is totally haram.,0,2022-04-27T22:17:46Z,2022-04-27T22:17:46Z,0
Ugz8en14mY2hlD7mcgh4AaABAg,kn0IZelsCoM,,False,@HassanAli-ge5sg,üòÇüòÇüòÇüëçüèª,0,2022-04-25T00:45:33Z,2022-04-25T00:45:33Z,0
UgwEOcp9hG7LQ2LzCsN4AaABAg,kn0IZelsCoM,,False,@sjgame8893,yr mjhy milna hy waqar bhai sy or milionero banna hy azad bhai plz yr,0,2022-04-23T18:13:27Z,2022-04-23T18:13:27Z,0
UgwVkyJlcSwKnPN66Op4AaABAg,kn0IZelsCoM,,False,@TechnicalUSA,Louda traceable hai bc ka abhi galt address par send ho jay btc ka iska baap bhi nhi nikalwa sakhta,0,2022-04-23T08:25:50Z,2022-04-23T08:25:50Z,0
UgwiA709LkCbtkL5Kyh4AaABAg,kn0IZelsCoM,,False,@GentXP,Waqar zaka is a gem‚ù§üí´,1,2022-04-19T12:11:32Z,2022-04-19T12:11:32Z,0
Ugzbcy86Roh_b1W8pc14AaABAg,kn0IZelsCoM,,False,@goldengoldyofficialvlogs50ksub,I made Honda civic in just one month.coz of Waqar zaka .than buy home seriously man you made mine life Allah bless you .....,0,2022-04-16T17:10:47Z,2022-04-16T17:10:47Z,0
UgwqGKnjEtB1qtNx_gh4AaABAg,kn0IZelsCoM,,False,@goldengoldyofficialvlogs50ksub,"Kisse ko crypto ki koi detail chahein ho even trading
Holding.staking .liquidity.farming.pooling.any many more anything about crypto",0,2022-04-16T17:09:47Z,2022-04-16T17:09:47Z,0
Ugwf2mzXKAapsgei95d4AaABAg,kn0IZelsCoM,,False,@goldengoldyofficialvlogs50ksub,"Establish crypto svip7  of block chain only coz of Waqar zaka .....mujhpe hastein thay loag jub mein.coin jama karti thy aur Dekho aaj BTC .eth.kidr hai 
Aur ek tip sub ko dey k jarahy hu .etherum ko salona replace third pe kar k khudh second pe ajyga .and June mein sweetcoin register horaha hai.",0,2022-04-16T17:08:55Z,2022-04-16T17:08:55Z,0
Ugy0lVhR_0dRv3I4sXN4AaABAg,kn0IZelsCoM,,False,@eshalfatima9958,Waqar zaka Allah give u long life,1,2022-04-15T05:18:56Z,2022-04-15T05:18:56Z,0
UgwL66_Tg5P83g632O14AaABAg,kn0IZelsCoM,,False,@mayarodriguez5790,I could put you through on how Trading works and on how you can invest and make good profit from it. Manage and handle an account for you and get you good profit. Drop a comment if interested,0,2022-04-13T01:44:42Z,2022-04-13T01:44:42Z,0
UgwIEPjc2-aw8nTLMNJ4AaABAg,kn0IZelsCoM,,False,@ahmads5889,May Allah Azzawajal allow us to follow the Sunnah in our inner and outer appearances,1,2022-04-11T21:10:25Z,2022-04-11T21:10:25Z,0
UgwDuS57BBIBM7qecvx4AaABAg,kn0IZelsCoM,,False,@knowledgeplanet7263,Wonderful,0,2022-04-10T04:00:18Z,2022-04-10T04:00:18Z,0
Ugz5U2jhVYFyEPOf1TV4AaABAg,kn0IZelsCoM,,False,@daydreamer3154,I hope someone really expose him.,0,2022-03-31T17:15:54Z,2022-03-31T17:15:54Z,0
UgxWjEoJ1lar89z4Uq54AaABAg,kn0IZelsCoM,,False,@farahsheikh4191,waqar zaka ka ?,0,2022-03-31T09:04:41Z,2022-03-31T09:04:41Z,0
UgwWrfARtZvMi8dmZZl4AaABAg,kn0IZelsCoM,,False,@farahsheikh4191,where is your institution?,0,2022-03-31T09:02:16Z,2022-03-31T09:02:16Z,0
UgwTyKyMgiRNALPxOZ14AaABAg,kn0IZelsCoM,,False,@youllsayomg3757,Tell us about the yuan digital currency,0,2022-03-30T16:04:08Z,2022-03-30T16:04:08Z,0
UgyLuVgQmORsWK7CcYF4AaABAg,kn0IZelsCoM,,False,@Abdul.Basit.Entrepreneur,"Sir Wakar Zaka, The way Warren Buffet benefits other people is my investing in businesses and sustain them and help them success by drinking Coca Cola etc (sponsoring them for free also) and then these businesses help people and solve there problems.

Investors solve business problems (when business needs them), Business helps people solves there problems.

Everyone get the benefits (whether it is big or small).",1,2022-03-29T10:50:54Z,2022-03-29T10:51:27Z,0
UgwrFYcyPKj4fDpbC6R4AaABAg,kn0IZelsCoM,,False,@jawadahmed3447,Tum zaleel ho,0,2022-03-28T12:24:16Z,2022-03-28T12:24:16Z,0
UgzbvGMvqUxKqrh0vK94AaABAg,kn0IZelsCoM,,False,@office5420,My love waqar zaka,0,2022-03-28T10:59:26Z,2022-03-28T10:59:26Z,0
UgyeqLgogWS-xtiQqDN4AaABAg,kn0IZelsCoM,,False,@nasirshah2002,Well done waqar zaka bhai,1,2022-03-23T18:49:57Z,2022-03-23T18:49:57Z,0
UgzkG1KEcr_63ZbYnVd4AaABAg,kn0IZelsCoM,,False,@globelglobel6720,Bhai waqar zaka se pochay kis ne kaha h hmara mulk gareeb h ? Pori dunia dakh rae h or bat soch smj k honi chaye,0,2022-03-22T21:46:50Z,2022-03-22T21:46:50Z,0
Ugw3A_SuUJmO822uom14AaABAg,kn0IZelsCoM,,False,@angmathew4377,"Nice, never thought of it",0,2022-03-19T04:16:38Z,2022-03-19T04:16:38Z,0
UgzZASPor0Odt6truf14AaABAg,kn0IZelsCoM,,False,@richardwillinton2338,Nice video! the best decision I ever made in my life was investing in financial market with a professional broker Mrs Harrison Camela Trust me guys,1,2022-03-15T23:03:20Z,2022-03-15T23:03:20Z,8
UgzZASPor0Odt6truf14AaABAg.9ZbbOtlkIap9ZbbqMSBefC,kn0IZelsCoM,UgzZASPor0Odt6truf14AaABAg,True,@maryjanerodriguez3696,"You're right! I was able to build a big income stream during the COVID-19 pandemic investing with a professional broker, Mrs Harrison Camela.",0,2022-03-15T23:07:13Z,2022-03-15T23:07:13Z,0
UgzZASPor0Odt6truf14AaABAg.9ZbbOtlkIap9Zbc6z0xfHA,kn0IZelsCoM,UgzZASPor0Odt6truf14AaABAg,True,@rosekane7205,"Wow ,amazing to see others who trade with Mrs. Harrison Camela I'm currently on my 7th trade with her and my portfolio has increased tremendously",0,2022-03-15T23:09:37Z,2022-03-15T23:09:37Z,0
UgzZASPor0Odt6truf14AaABAg.9ZbbOtlkIap9ZbcE7EAXKw,kn0IZelsCoM,UgzZASPor0Odt6truf14AaABAg,True,@williams1899,"This is not the first time I am hearing of Mrs. Camela, her exploits in the trading world but, I have no idea how to reach her",0,2022-03-15T23:10:36Z,2022-03-15T23:10:36Z,0
UgzZASPor0Odt6truf14AaABAg.9ZbbOtlkIap9ZbcPRWUYTK,kn0IZelsCoM,UgzZASPor0Odt6truf14AaABAg,True,@jamespaul9077,"Investing successfully in Forex requires the expertise of a professional broker that is why I have made profit since i started trading with Mrs.Harrison Camela, she is the best",0,2022-03-15T23:12:09Z,2022-03-15T23:12:09Z,0
UgzZASPor0Odt6truf14AaABAg.9ZbbOtlkIap9ZbcWdIRLiC,kn0IZelsCoM,UgzZASPor0Odt6truf14AaABAg,True,@rechaeljones1211,I'm surprised you know her too. I've been making a lot of profits investing with her for months now.,0,2022-03-15T23:13:08Z,2022-03-15T23:13:08Z,0
Ugw8SQTfhxtMGNPdD-14AaABAg,kn0IZelsCoM,,False,@princeinamullah6124,Bhai waqar zaka sy khaisy mulaqat hoga,0,2022-03-15T21:07:25Z,2022-03-15T21:07:25Z,0
UgxroM8zwkYQs5f2meN4AaABAg,kn0IZelsCoM,,False,@Quraish515,üò¥ü§öüèΩ,0,2022-03-12T05:16:12Z,2022-03-12T05:16:12Z,0
UgyNs8kw8tKvaOhukiR4AaABAg,kn0IZelsCoM,,False,@AdnanKhan-be1mr,Yh humminty sirf koi muhajir hi krskta hy hr ksi k liye,0,2022-03-09T19:03:39Z,2022-03-09T19:03:39Z,0
UgzVsWI4fxzjEmz9--d4AaABAg,kn0IZelsCoM,,False,@ahmadjan7029,Changed my mind about Waqar Zaka‚ù§Ô∏è,0,2022-03-07T21:00:21Z,2022-03-07T21:00:21Z,0
UgyqwnOC1lbLtuLyuGN4AaABAg,kn0IZelsCoM,,False,@trynottolaughshorts4883,Inho ny is video me jis Real player film ki bat kiii woh dekhi kisi ny,0,2022-03-07T16:20:38Z,2022-03-07T16:20:38Z,0
UgygU0wcFINrn7Aca7R4AaABAg,kn0IZelsCoM,,False,@PakARMY-iv9yi,Sir Hisham sarwar is a great man as compare to azad chaiwala,0,2022-03-06T12:30:25Z,2022-03-06T12:30:25Z,0
UgzzrKws5AU0oiQThjl4AaABAg,kn0IZelsCoM,,False,@harold6519,"Great content. As a beginner, a good broker is required to handle trade unpredictabilities for good profits turn out . I recommend to all newbies my broker Mr Ralph Walker. His trader-friendly approach and sincerity stand him out as the best. give him a try.",0,2022-03-05T14:37:30Z,2022-03-05T14:37:30Z,0
UgyVJyEXOhqUQoyDbyR4AaABAg,kn0IZelsCoM,,False,@bhavishtv5196,Mashaallah,0,2022-02-25T23:16:35Z,2022-02-25T23:16:35Z,0
UgzUZwEscgfPyQhCUDx4AaABAg,kn0IZelsCoM,,False,@patriciahenry9649,Hello I'm new to bitcoin trade and i have been making few loses in the market but i see a lot of people earning from it can someone tell me what I'm doing wrong,117,2022-02-22T20:25:54Z,2022-02-22T20:25:54Z,15
UgzUZwEscgfPyQhCUDx4AaABAg.9YlFgRTllZH9YlIXwPhUDX,kn0IZelsCoM,UgzUZwEscgfPyQhCUDx4AaABAg,True,@caitlin8886,@C Larry Siyon T The most common mistake I see new investors make is rushing Into cryptocurrency without any guidance.,0,2022-02-22T20:50:49Z,2022-02-22T20:50:49Z,0
UgzUZwEscgfPyQhCUDx4AaABAg.9YlFgRTllZH9YlJHA92kqM,kn0IZelsCoM,UgzUZwEscgfPyQhCUDx4AaABAg,True,@caitlin8886,"@Godwin David Exactly, the trick is to diversify your investment, don't panic when everyone else is and invest consistently.",0,2022-02-22T20:57:16Z,2022-02-22T20:57:16Z,0
UgzUZwEscgfPyQhCUDx4AaABAg.9YlFgRTllZH9YlJ_9wg-xT,kn0IZelsCoM,UgzUZwEscgfPyQhCUDx4AaABAg,True,@ambrosegonyize8503,@Godwin David You've just said it all without reasonable doubt people are really making a lot of money from it,0,2022-02-22T20:59:51Z,2022-02-22T20:59:51Z,0
UgzUZwEscgfPyQhCUDx4AaABAg.9YlFgRTllZH9YlJa3ax3I3,kn0IZelsCoM,UgzUZwEscgfPyQhCUDx4AaABAg,True,@ambrosegonyize8503,"I know I'm blessed because I wouldn't have met someone who is spectacular as Expert Mrs Grace she's real and pure heart business woman have ever seen, she's the best.",0,2022-02-22T20:59:59Z,2022-02-22T20:59:59Z,0
UgzUZwEscgfPyQhCUDx4AaABAg.9YlFgRTllZH9YlL1n2wCCC,kn0IZelsCoM,UgzUZwEscgfPyQhCUDx4AaABAg,True,@caitlin8886,@Grills Webber No doubt Mrs Grace helped me recover all I've lost trading by myself and my life has changed for good and better.,0,2022-02-22T21:12:38Z,2022-02-22T21:12:38Z,0
UgzOseymOv5w0qaLvGV4AaABAg,kn0IZelsCoM,,False,@HamzaKhan-sx1ls,"Hi,
Can anyone send me Waqar zakka official group link.",0,2022-02-22T06:49:50Z,2022-02-22T06:49:50Z,0
UgySqk0Sqg6F21BV6mx4AaABAg,kn0IZelsCoM,,False,@speedy835-p5w,V/Good debate,0,2022-02-15T17:39:45Z,2022-02-15T17:39:45Z,0
Ugw2KCzwt-FBkTHdaC54AaABAg,kn0IZelsCoM,,False,@shaukatmehmood4303,Chup ho jao chorey k bachey,0,2022-02-14T15:37:01Z,2022-02-14T15:37:01Z,0
UgxjeR3ktWScdchFmsx4AaABAg,kn0IZelsCoM,,False,@haroonbaig5674,Matlab ye k business na kro...srf pesa kamao...Zaka sahab Nestle..pepsi..lays..lux shampo...even water..muller n phips..etc ye tumarey mulk se kama rahey han...ap logon ko btarahey ho...business na kro...computer par bethey roho...joa khelo.,0,2022-02-12T19:29:28Z,2022-02-12T19:29:28Z,0
UgxfTRXcvr0QpjyA0SF4AaABAg,kn0IZelsCoM,,False,@AbdullahGamer68444,Waiting for 2nd part,0,2022-02-12T17:27:30Z,2022-02-12T17:27:30Z,0
UgwQ0b7ODsTT0fzHzWp4AaABAg,kn0IZelsCoM,,False,@mdarifali7053,Ab ye Haram nahi hai,0,2022-02-09T17:22:46Z,2022-02-09T17:22:46Z,0
Ugy2bQz4mgVoCReFfk94AaABAg,kn0IZelsCoM,,False,@aft3137,ÿ®⁄æÿßŸ∏€å ÿµÿßÿ≠ÿ® Ÿæ€ÅŸÑ€í ÿ≠ŸÑÿßŸÑ ÿßŸàÿ± ÿ≠ÿ±ÿßŸÖ ⁄©€í ŸÖÿ≥Ÿ∏ŸÑ€í ÿ≥€í ÿ™Ÿà ÿ®ÿß€Åÿ± ŸÜ⁄©ŸÑ€å⁄∫€î,0,2022-02-07T20:31:01Z,2022-02-07T20:31:01Z,0
Ugz3dJ0u7RzzNDB2jEt4AaABAg,kn0IZelsCoM,,False,@musicloverhasan,"Bht achi or onchi Soch ha is bandy ki, Stay blessed Waqar",0,2022-02-07T19:58:02Z,2022-02-07T19:58:02Z,0
UgySadrCUoSyPsjZJaV4AaABAg,kn0IZelsCoM,,False,@mianhussainahmad4565,Which Movie Waqar Zaka Mentioned?,0,2022-02-06T11:27:21Z,2022-02-06T11:27:29Z,0
UgwtG2SdZ1PalnErUd94AaABAg,kn0IZelsCoM,,False,@mrmmmixture9797,Me kahon ga wagar zaka wo jo barma gaya ta itne sakt halat me bhai us din se dil me utar gehe ho ap respect for waqar bhaiüëçüòá,0,2022-02-06T09:36:50Z,2022-02-06T09:37:18Z,0
UgyU-BInSQSR1p4uJfF4AaABAg,kn0IZelsCoM,,False,@cafahadimtiaz7997,But in your previous vid u were telling that forex is haram and is prohibited in islam and here u r speaking nonsense and teaching us about crypto. Unfortunately I should have known before that everyone speaks about the thing of which they r benefited ü•∫,0,2022-02-01T21:38:14Z,2022-02-01T21:38:14Z,0
UgwiNnCb3mqgc1-T5614AaABAg,kn0IZelsCoM,,False,@shitlaws,They both are my fav person in Pakistan...,0,2022-01-29T06:29:50Z,2022-01-29T06:29:50Z,0
UgzPUYKLSHgf2lXX4Gx4AaABAg,kn0IZelsCoM,,False,@shitlaws,He is telling so truth...,0,2022-01-29T06:28:50Z,2022-01-29T06:28:50Z,0
Ugxl6RUeWEqaM9lM7SF4AaABAg,kn0IZelsCoM,,False,@shitlaws,Azad town near bahria townüòÅüòÅüòÅ,0,2022-01-29T06:28:31Z,2022-01-29T06:28:31Z,0
UgwsEbhgvYPWzuJeRzJ4AaABAg,kn0IZelsCoM,,False,@ImranAli-ii7bu,ilbash ali,0,2022-01-28T19:00:40Z,2022-01-28T19:00:40Z,0
Ugx5J0_uNlSgKekc9w94AaABAg,kn0IZelsCoM,,False,@muhammadwaleed3642,ÿßÿ≥ ⁄©€å ÿ≥ŸÖÿ¨⁄æ ŸÜ€Å€å⁄∫ ÿ¢ÿ™€å ŸÅŸàÿ±€å⁄©ÿ≥ Ÿπÿ±€å⁄àŸÜ⁄Ø ⁄©Ÿà ÿ≠ÿ±ÿßŸÖ ÿßŸàÿ±  ŸÅÿ±ÿß⁄à ⁄©€Åÿ™ÿß €Å€í ÿßŸàÿ± ⁄Øÿ±ŸæŸπŸà⁄∫ ⁄©Ÿà Ÿæÿ±ŸàŸÖŸàŸπ ⁄©ÿ± ÿ±€Åÿß €Å€í,0,2022-01-28T10:42:16Z,2022-01-28T10:42:16Z,0
Ugz9-A-hog7inObvHzp4AaABAg,kn0IZelsCoM,,False,@jobsopportunities9761,⁄©€åÿß ⁄©ÿ±ŸæŸπŸà ⁄©ÿ±ŸÜÿ≥€å ÿ≠ŸÑÿßŸÑ €Å€í,0,2022-01-28T07:56:29Z,2022-01-28T07:56:29Z,1
Ugz9-A-hog7inObvHzp4AaABAg.9XjY2d3xH0e9XzzGVLrIP8,kn0IZelsCoM,Ugz9-A-hog7inObvHzp4AaABAg,True,@TheSoul935,Spot trade only,0,2022-02-03T17:10:53Z,2022-02-03T17:10:53Z,0
UgxiCDge0hoVlEU0q-N4AaABAg,kn0IZelsCoM,,False,@fahimahmad7374,"i learned blockchain programing and can create a bep20 erc20 token but cant earn from it 
there too much competition",0,2022-01-27T08:39:25Z,2022-01-27T08:39:25Z,0
UgzmMJbssu99-hulX7V4AaABAg,kn0IZelsCoM,,False,@junaidraza6774,"BC khud sary kam kiye, ab koi us bat ko yad b krly tu uski soch gandi or nichy parri hoi h, or ap crypto ka name le kr swaggy bili bn gye. Chawal admi",0,2022-01-27T07:46:17Z,2022-01-27T07:46:17Z,0
UgxQ9wQe1_pvZgT4fdp4AaABAg,kn0IZelsCoM,,False,@richardcrown9764,"I make huge profits on my investment since i started trading with a professional broker Mrs Stacie Morgan her trading strategy are top notch coupled with the little commission she charges on her trade, thanks so much‚ô•",3,2022-01-24T01:02:20Z,2022-01-24T01:02:20Z,2
UgxQ9wQe1_pvZgT4fdp4AaABAg.9XZVTsdgR6p9XZW-8rOOLm,kn0IZelsCoM,UgxQ9wQe1_pvZgT4fdp4AaABAg,True,@felixsizer300,"So amazing I also just started trading with Mrs Stacie Morgan, she is the best at what she does with an initial investment of $2400 i made up to $8230 in just a week of trading with her, her strategies are mind blowing...",2,2022-01-24T01:06:53Z,2022-01-24T01:06:53Z,0
UgxQ9wQe1_pvZgT4fdp4AaABAg.9XZVTsdgR6p9XZWLjQbfoA,kn0IZelsCoM,UgxQ9wQe1_pvZgT4fdp4AaABAg,True,@jordan613,This is not the first time i am hearing of this woman and her exploit trading world but i have no idea on how to reach her? somebody should please help me.,0,2022-01-24T01:09:58Z,2022-01-24T01:09:58Z,0
Ugxc4kIfy6LQOb6xU_x4AaABAg,kn0IZelsCoM,,False,@sh.a471,It looks that it is a new form of gambling.,0,2022-01-23T20:54:51Z,2022-01-23T20:54:51Z,0
UgxZ3MD5VPv5oCe8KtR4AaABAg,kn0IZelsCoM,,False,@w.6145,"ü§£ü§£ü§£ü§£ü§£
Yeh wohi haina jis ko ganja kardia tha.",0,2022-01-21T18:56:18Z,2022-01-21T18:56:18Z,0
UgwIFTa3avYzSUgNpSp4AaABAg,kn0IZelsCoM,,False,@khansvlogs-f4q,üëåüëåüëå,0,2022-01-19T09:04:54Z,2022-01-19T09:04:54Z,0
UgxZ4vjp15HObkMleld4AaABAg,kn0IZelsCoM,,False,@AmitSinghBais,He is only making fool of you. I would suggest you learn from other Crypto channels on you tube.,0,2022-01-18T09:59:02Z,2022-01-18T09:59:02Z,0
UgxpV1fCcPbrC7xBvT14AaABAg,kn0IZelsCoM,,False,@multiplevideos3083,Azaaad bhai waqar ki tareef ka thumbnail tou lga dia lekin waqar sb b wohi kaam krty hain jis k against pehly ap video bna chukay ho,1,2022-01-18T00:44:47Z,2022-01-18T00:44:47Z,0
UgzOXia0xBrwGP5EZSp4AaABAg,kn0IZelsCoM,,False,@alikhankhan2026,"ÿ≥ÿ®ÿ≠ÿßŸÜ ÿßŸÑŸÑ€Å €î ÿßŸÑÿ≠ŸÖÿØŸÑŸÑ€Å €î ŸÑÿß ÿßŸÑ€Å ÿßŸÑÿß ÿßŸÑŸÑ€Å €î ÿßŸÑŸÑ€Å ÿß⁄©ÿ®ÿ± 
€Åÿ± ÿß€å⁄© ⁄©ŸÑŸÖ€Å ⁄©€í ÿ®ÿØŸÑ€í ÿ¨ŸÜÿ™ ŸÖ€å⁄∫ ÿØÿ±ÿÆÿ™ ŸÑ⁄Øÿ™ÿß €Å€í",2,2022-01-17T14:00:48Z,2022-01-17T14:00:48Z,0
Ugx_d-7Jhdx8ddgRsu94AaABAg,kn0IZelsCoM,,False,@mypets2018,pori tu nahi dekh sakta per trust me ager free ho app tu enjoy karo dono biggest topi baz bande hain lol,0,2022-01-16T12:26:14Z,2022-01-16T12:26:14Z,0
UgzSER2sJ6YomeaWGfF4AaABAg,kn0IZelsCoM,,False,@PlonkBlock,Biggest fraud of Pakistan Waqar zaka,0,2022-01-16T08:52:31Z,2022-01-16T08:52:31Z,0
UgwcOvwp-hQ-n53Lzjd4AaABAg,kn0IZelsCoM,,False,@hassanraza148,From where I can get link of waqar sir's group bcoz I have searched alot on Facebook and on Google but I'm not being able to get one,0,2022-01-15T10:05:44Z,2022-01-15T10:05:44Z,0
Ugwvl5ClbnhbsiyMiEF4AaABAg,kn0IZelsCoM,,False,@MaazAliKhan24,I agree with Waqar zada agr yeh bnda awaz nhi uthata toh aj Pakistan koi crypto currency buy krne ka soch b nhi skta tha,0,2022-01-12T20:25:13Z,2022-01-12T20:25:13Z,0
UgwGU1tGFLqAtKbmh2p4AaABAg,kn0IZelsCoM,,False,@hassanghoriahmed9140,#‚ö°ZBRDST‚ö°#,1,2022-01-12T17:48:22Z,2022-01-12T17:48:22Z,0
UgzSnDdfW9XTafWXA1p4AaABAg,kn0IZelsCoM,,False,@editass1287,"Waqar Bhai kaltiyan kah rahy, ap itny achy nhi ho Bhai jitna bn na Cha rahy ho, likn fir bhi sahi ho",0,2022-01-12T10:14:25Z,2022-01-12T10:14:25Z,0
Ugx_-mugCZPk8_AJ-9x4AaABAg,kn0IZelsCoM,,False,@aminanadir1787,please develop project for cleanliness and fresh environment city- wise and develop competition among cities,0,2022-01-12T10:12:22Z,2022-01-12T10:12:22Z,0
Ugwytl9d8O-GnOmV3GZ4AaABAg,kn0IZelsCoM,,False,@rbtraders-1,kingüëë,0,2022-01-11T19:47:58Z,2022-01-11T19:47:58Z,0
UgzgWTZqlzjv9qUmYJV4AaABAg,kn0IZelsCoM,,False,@vaibhavchawan8062,Bewakuuf Wakar zaka Warren buffet ko 3rd grade insaan bol raha he kyuki usne insaano ke liye kuch kiya nai khudke liye paise kamaye aree iss chaman ko koi ye batao ki Warren buffet un philanthropist me aate he jo apne Earning ka jyada tr portion human aid ke taur pr donate karte he and unhone ek will bi sign kiya hua he ki unke maut ke baad unke Wealth ka 80 - 90% donation me jaega üòÇüòÇwaqar apne gyan ko badhao pehele kisiko bolne ke,0,2022-01-10T14:05:32Z,2022-01-10T14:05:32Z,0
Ugwkh7ffwM8E2xUExYF4AaABAg,kn0IZelsCoM,,False,@ghulamabbas5728,azad bhai me ak employed person hn me seekhna chahta hn kon se platform se sekhu plz rahnmai ke den mje kia krna hoga,0,2022-01-10T09:57:40Z,2022-01-10T09:57:40Z,0
UgzZLiuHaQp3JUM2EdZ4AaABAg,kn0IZelsCoM,,False,@felixhernandez241,"Starting early is the best way of getting ahead to build wealth, investing remains a priority. The stock market has plenty of opportunities to earn a decent payouts, with the right skills and proper understanding of how the market works.",27,2022-01-10T02:03:03Z,2022-01-10T02:03:03Z,36
UgzZLiuHaQp3JUM2EdZ4AaABAg.9X-ZIIwMsqk9X-ZK5wtDwU,kn0IZelsCoM,UgzZLiuHaQp3JUM2EdZ4AaABAg,True,@felixhernandez241,Assets that can make one successful in life,1,2022-01-10T02:03:18Z,2022-01-10T02:03:18Z,0
UgzZLiuHaQp3JUM2EdZ4AaABAg.9X-ZIIwMsqk9X-ZLcEfNSM,kn0IZelsCoM,UgzZLiuHaQp3JUM2EdZ4AaABAg,True,@felixhernandez241,"I.Crypto
2.Stocks
3.Shores",0,2022-01-10T02:03:30Z,2022-01-10T02:03:30Z,0
UgzZLiuHaQp3JUM2EdZ4AaABAg.9X-ZIIwMsqk9X-ZUkoqq9_,kn0IZelsCoM,UgzZLiuHaQp3JUM2EdZ4AaABAg,True,@sultantlittleton5225,@@felixhernandez241 You are right,0,2022-01-10T02:04:45Z,2022-01-10T02:04:45Z,0
UgzZLiuHaQp3JUM2EdZ4AaABAg.9X-ZIIwMsqk9X-ZWXDtdnw,kn0IZelsCoM,UgzZLiuHaQp3JUM2EdZ4AaABAg,True,@sultantlittleton5225,But I don't know why people remain poor due to ignorance,0,2022-01-10T02:04:59Z,2022-01-10T02:04:59Z,0
UgzZLiuHaQp3JUM2EdZ4AaABAg.9X-ZIIwMsqk9X-ZczyNq96,kn0IZelsCoM,UgzZLiuHaQp3JUM2EdZ4AaABAg,True,@margaritabeja5619,"@@sultantlittleton5225 
It's not ignorance but unprofessional broker in the market....",0,2022-01-10T02:06:01Z,2022-01-10T02:06:01Z,0
Ugzh2Zz5f5MyhHTd_KJ4AaABAg,kn0IZelsCoM,,False,@mejlahore1263,"If you are Sure, please repay Pakistan debts first, first prove it then talk on social Media. There are many Billionaire, see political leaders in assembly and General and lot of others. Nobody wants to give money on cripto",0,2022-01-08T18:40:48Z,2022-01-08T18:40:48Z,0
UgyBc-e2Q_lBUjWzUq94AaABAg,kn0IZelsCoM,,False,@mejlahore1263,"Pakistani loss their üí∞, when they understand, their total capital gone.",0,2022-01-08T18:35:06Z,2022-01-08T18:35:06Z,0
UgyK_m1BJ2ts-K7TpSN4AaABAg,kn0IZelsCoM,,False,@mejlahore1263,"FIA and IB, ISPR NAB should investigate with you instead of illetrate persons. Even cyber crime investigate money laundering. No law yet in Pakistan.",0,2022-01-08T18:33:01Z,2022-01-08T18:33:01Z,0
UgxuvYPrjswv-IstIaN4AaABAg,kn0IZelsCoM,,False,@mejlahore1263,"This fraud can not be traceable, and can not be p roved in court. Contact with P M & finance minister, if you want to pay Pakistan loan debts. Your target to house wife ladies to fraud their money .",0,2022-01-08T18:27:17Z,2022-01-08T18:27:17Z,0
UgxmIZ77kuqZzFT27YB4AaABAg,kn0IZelsCoM,,False,@mejlahore1263,"Waqar Zaqa should inform that pak 1.87 Billion Pakistanis did loss in media report. It is totally fraud, please check with SBP, State Bank of Pakistan.",0,2022-01-08T18:20:10Z,2022-01-08T18:20:10Z,0
UgyRdV-7kQX_O4s7ALl4AaABAg,kn0IZelsCoM,,False,@wajidhayat5331,Great waqar bhai,0,2022-01-07T05:12:56Z,2022-01-07T05:12:56Z,0
UgwR7xwyXqn3qiu4aDp4AaABAg,kn0IZelsCoM,,False,@naughtyactions9070,"Mashallah, Allah ap ko naik mqsad me kamyab kry",0,2022-01-06T16:47:17Z,2022-01-06T16:47:17Z,0
UgwEyPu2d-vsekMCIY94AaABAg,kn0IZelsCoM,,False,@nostalgiaevolution,which movie waqar asked azad chaiwala that have you seen?,0,2022-01-06T06:26:12Z,2022-01-06T06:26:12Z,0
UgwGNG2ZC6_CmLvmF654AaABAg,kn0IZelsCoM,,False,@egrashidyoutube5088,ÿ≤ÿ®ÿßŸÜ ⁄©Ÿà ŸÖÿπÿ∑ÿ± ⁄©€åÿ¨€åÿ¶€í Ÿæ⁄ë⁄æ€åÿ¶€í ‚ÄèÿßŸéŸÑŸÑŸëŸ∞⁄æŸèŸÖŸéŸë ÿµŸéŸÑŸêŸë ÿπŸéŸÑŸ∞€å ŸÖŸèÿ≠ŸéŸÖŸéŸëÿØ Ÿà ÿ¢ŸÑ ŸÖÿ≠ŸÖÿØ ÿµŸÑ€å ÿßŸÑŸÑ€Å ÿπŸÑ€å€Å Ÿàÿ¢ŸÑ€Å Ÿàÿßÿµÿ≠ÿßÿ®€Å Ÿàÿ®ÿßÿ±⁄© Ÿàÿ≥ŸÑŸÖ  ‚ù§,3,2022-01-05T09:48:05Z,2022-01-05T09:48:05Z,0
UgybiKNpSlmr9xTnAiN4AaABAg,kn0IZelsCoM,,False,@Brainybeatt,I see a lady in your ads,0,2022-01-05T08:24:38Z,2022-01-05T08:24:49Z,0
UgxdZ51gDKKLGGsmhfh4AaABAg,kn0IZelsCoM,,False,@sajidabano2298,Bit coine kis trha use kry kha s start krni chahy plz hlp kry,0,2022-01-05T04:55:16Z,2022-01-05T04:55:16Z,0
Ugzb2SdEBFcx_yppEOJ4AaABAg,kn0IZelsCoM,,False,@zidizahid2657,Mujhe ap k mutaliq crypto he yad ate hy,0,2022-01-04T15:13:39Z,2022-01-04T15:13:39Z,0
UgzJTQvvtTphrmZZQkZ4AaABAg,kn0IZelsCoM,,False,@QuranRecitationByshaikhDanish,Sala ulte seedhe kannd karta hai aour Apne aapko success samjhta hai,1,2022-01-04T13:19:05Z,2022-01-04T13:19:05Z,0
UgzDmipKpD0qU24fzFF4AaABAg,kn0IZelsCoM,,False,@LifeDisplay,ALLAH BLESS YOU.,0,2022-01-03T19:09:24Z,2022-01-03T19:09:24Z,0
Ugz3ACsmTwQQoouoHRp4AaABAg,kn0IZelsCoM,,False,@ranausman9755,"Waqar bhai, Rana usman tu apki izat hi isi lie krta hai k apko pehle living on the edge py dekha hai",0,2022-01-02T20:17:44Z,2022-01-02T20:17:44Z,0
Ugxe_MAVrZ8RBYJ9I_54AaABAg,kn0IZelsCoM,,False,@jimmy27uk,Both of these men are legends of Pakistan ‚ù§Ô∏è,2,2022-01-02T01:31:43Z,2022-01-02T01:31:43Z,0
UgzPv3z0X9vNn4PV6Hl4AaABAg,kn0IZelsCoM,,False,@imfalse,"Salute, Waqar Zaka.. . All the best and prayers for ur vision & all nation.",1,2022-01-01T20:36:17Z,2022-01-01T20:36:17Z,0
UgwXUoDhURdzSoBxRzB4AaABAg,kn0IZelsCoM,,False,@insharahwaqas5984,Binance kya hy,0,2022-01-01T14:51:47Z,2022-01-01T14:51:47Z,0
UgxyKsbfVbLI6yBlwDp4AaABAg,kn0IZelsCoM,,False,@ahmedbhai4466,WAQAR BHAI ZINDABAAD,0,2021-12-31T11:07:06Z,2021-12-31T11:07:06Z,0
UgxZtDdF0988X6WvYyZ4AaABAg,kn0IZelsCoM,,False,@exchangeon,Nice,0,2021-12-31T04:39:36Z,2021-12-31T04:39:36Z,0
Ugzb0Ci28W7DJpvT4g14AaABAg,kn0IZelsCoM,,False,@exchangeon,Good,0,2021-12-31T04:39:24Z,2021-12-31T04:39:24Z,0
UgxNh_wbJ6foXZsYmSt4AaABAg,kn0IZelsCoM,,False,@Hellopeople2334,Hyperlink ? Hyperloop,0,2021-12-30T17:47:15Z,2021-12-30T17:47:15Z,0
UgxYEEiF9sz8HZsK_tR4AaABAg,kn0IZelsCoM,,False,@nyustdent,good point. pakistan authorities ban everything willy nilly,0,2021-12-29T23:59:45Z,2021-12-29T23:59:45Z,0
UgxYJGhZwf35lfXLKPt4AaABAg,kn0IZelsCoM,,False,@asimshah9484,Is cryptocurrency halal? And if it is then how?,0,2021-12-28T19:02:13Z,2021-12-28T19:02:13Z,1
UgxYJGhZwf35lfXLKPt4AaABAg.9WVuaVSFpe79ZqDK1c7YtE,kn0IZelsCoM,UgxYJGhZwf35lfXLKPt4AaABAg,True,@Saad-Edits,Why Saudia Arabia and turkey Muslim countries have crypto mining farms then they are also Muslim countries,0,2022-03-21T15:12:49Z,2022-03-21T15:12:49Z,0
UgwNG2IbiLH8YpfbFxZ4AaABAg,kn0IZelsCoM,,False,@Hammadmughal1000,Oo bhai ye paisay srf facebook k supporters sa kama raha üòµ‚Äçüí´,0,2021-12-28T17:38:54Z,2021-12-28T17:38:54Z,0
UgxEhJ6Yd8Ij1AO9PCR4AaABAg,kn0IZelsCoM,,False,@llvllan1,Kyun nai pata bhai k kab upar nechay jayega? Muje to exact pata hota hai,0,2021-12-28T00:02:09Z,2021-12-28T00:02:09Z,0
UgyL_jBS_vKMVg0d9SF4AaABAg,kn0IZelsCoM,,False,@abdullahmehmood4331,Brilliant by Waqar Zaka,0,2021-12-27T19:29:45Z,2021-12-27T19:29:45Z,0
UgxdhNbuN7XFJfK3bSp4AaABAg,kn0IZelsCoM,,False,@moonaahfaesal7998,I am a house wife Can i invest on crypto..... ??? How it can be please send me your link or contact..,0,2021-12-27T18:33:42Z,2021-12-27T18:33:42Z,0
Ugw6ctpxjLB1TkTt0q14AaABAg,kn0IZelsCoM,,False,@moeidbajwa1750,Add a public comment‚Ä¶,0,2021-12-27T14:55:36Z,2021-12-27T14:55:36Z,0
UgyPdDg6BdR7zudY4eZ4AaABAg,kn0IZelsCoM,,False,@jiraiya1231,@14.30 btc price march 2020 was $4000... 200 kaa nahin thaa lol,0,2021-12-27T00:45:40Z,2021-12-27T00:45:40Z,0
UgyF20L1_Bq1yxy3pAl4AaABAg,kn0IZelsCoM,,False,@opsm-2south42,a very BIG SALUTE to Waqar Bhai...Salamat raho,1,2021-12-26T22:34:46Z,2021-12-26T22:34:46Z,0
UgwmB3YF5x58SRjJ1ll4AaABAg,kn0IZelsCoM,,False,@HaiderAli-mo8cs,Ÿπ€åŸÖ ŸÖ€å⁄∫ ÿ±⁄©⁄æ ŸÑŸà ÿ®⁄æÿßÿ¶€å,0,2021-12-26T20:17:03Z,2021-12-26T20:17:03Z,0
UgyyZACKOViqp4L9cfN4AaABAg,kn0IZelsCoM,,False,@HaiderAli-mo8cs,ÿ®€Åÿ™ ÿß⁄Ü⁄æ€å ÿ≥Ÿà⁄Ü ⁄æ€í ⁄©€Å ŸÖÿ≥ŸÑŸÖÿßŸÜŸà⁄∫ ⁄©Ÿà ÿ¢⁄Ø€í ŸÑÿßŸÜÿß ⁄Üÿß€Åÿ™ÿß ⁄æ€í ŸàŸÇÿßÿ± ÿ®⁄æÿßÿ¶€å,0,2021-12-26T20:16:16Z,2021-12-26T20:16:16Z,0
UgwLHj9NQV7oVDk5ul14AaABAg,kn0IZelsCoM,,False,@HaiderAli-mo8cs,⁄©€åÿß ÿ®ÿßÿ™ €Å€í ŸàŸÇÿßÿ± ÿ®⁄æÿßÿ¶€å,1,2021-12-26T20:13:51Z,2021-12-26T20:13:51Z,0
Ugy4pB5fspdnPF0Y0mN4AaABAg,kn0IZelsCoM,,False,@TeacherStudentsTalk,Bhai kaha sy crypto buy Kru??,0,2021-12-26T10:25:05Z,2021-12-26T10:25:05Z,0
UgzZokBtrZVgo5WfFWF4AaABAg,kn0IZelsCoM,,False,@dailylife8059,tell me how to earn crypto,0,2021-12-23T13:24:26Z,2021-12-23T13:24:26Z,0
UgywY2HXdQzYECldSVZ4AaABAg,kn0IZelsCoM,,False,@piyankamongia8918,Bationcine halel hh,0,2021-12-22T08:14:35Z,2021-12-22T08:14:35Z,0
UgyRmWLyTa0rsLIPHCh4AaABAg,kn0IZelsCoM,,False,@nenabaloch637,Waqar zaka ka crypto group kesy joined kar skty hn?,0,2021-12-21T21:04:46Z,2021-12-21T21:04:46Z,0
UgwAnUBCVss62KXILjV4AaABAg,kn0IZelsCoM,,False,@sahilsahil7310,Bhai bhai hy waqar saab,0,2021-12-21T18:31:45Z,2021-12-21T18:31:45Z,0
UgxGd8G7VeMZccxgDIZ4AaABAg,kn0IZelsCoM,,False,@umerfarooq-sv5hy,Buhat hi ghatiya or cringe host he.,0,2021-12-21T16:59:39Z,2021-12-21T16:59:39Z,0
UgzvfFCZK7CtMJrUa_14AaABAg,kn0IZelsCoM,,False,@hussainarifmahmood7923,Please make a Complete video on NFTs How to sell them make them etc.,2,2021-12-21T04:01:54Z,2021-12-21T04:01:54Z,0
UgwYkKmrSyLt3BIjBn94AaABAg,kn0IZelsCoM,,False,@BhaiyaKaFUN23,YouTube or fb sy ye dono lakahon psy kma rhy baqio ko bs apni btyn suna kr sirf pisa bnai ja rhy,0,2021-12-20T05:54:36Z,2021-12-20T05:54:36Z,0
Ugygnh41qAUkpkr_HHF4AaABAg,kn0IZelsCoM,,False,@BhaiyaKaFUN23,Bhai Ap kehna kya chahty bdi complicated btyn kr rhy ho yahan koi kisi ka nahi hai sb bkwas hai sb apny faidy pe lgy pdy,0,2021-12-20T05:53:18Z,2021-12-20T05:53:18Z,0
UgxlQ-TM_8_M7pFiHE14AaABAg,kn0IZelsCoM,,False,@emergingpakistan2044,ŸÜŸÖÿßÿ≤ ÿßÿ™ŸÜ€å €Å€å ÿ∂ÿ±Ÿàÿ±€å €Å€í ÿ¨ÿ™ŸÜÿß ⁄©€í ÿ¨€åŸÜ€í ⁄©€åŸÑÿ¶€í ÿ≥ÿßŸÜÿ≥ ŸÑ€åŸÜÿß ÿ∂ÿ±Ÿàÿ±€å €ÅŸàÿ™ÿß €Å€íÿåÿßŸÑŸÑ€Å Ÿæÿß⁄© €ÅŸÖ€å⁄∫ ÿ≥ÿ¨ÿØŸà⁄∫ ⁄©€å ŸÑÿ∞Ÿëÿ™€å⁄∫ ÿπÿ∑ÿßÿ° ŸÅÿ±ŸÖÿßÿ¶€í€îÿ¢ŸÖ€åŸÜ,8,2021-12-19T18:05:31Z,2021-12-19T18:05:31Z,0
Ugzw4Prj_W9S45mbSAh4AaABAg,kn0IZelsCoM,,False,@mariakhan5976,Can you people support me I have no idea how to contact with you I really wanted to start work from home wo bhi izat ki halal kamai for support my family bs mujhy directions or guideline chaiye,0,2021-12-18T22:25:04Z,2021-12-18T22:25:04Z,0
UgyUJiouz9xvgmTxur14AaABAg,kn0IZelsCoM,,False,@Kraken28,Is Crypto Halal or haram? i am just confuse can anyone help,0,2021-12-18T11:35:27Z,2021-12-18T11:35:27Z,0
Ugw0-r-hsrB4AN4QOvZ4AaABAg,kn0IZelsCoM,,False,@aliyamughal3493,is it halal,0,2021-12-18T02:58:48Z,2021-12-18T02:58:48Z,0
UgxHEwiwOHjrqA7n8BZ4AaABAg,kn0IZelsCoM,,False,@sardarsaqi3588,Mining machine ktny ki hy,0,2021-12-17T16:36:59Z,2021-12-17T16:36:59Z,0
Ugy6NrjfxcLDMUwVhzl4AaABAg,kn0IZelsCoM,,False,@sardarsaqi3588,M ny b sekhna hy but ksy help me,0,2021-12-17T16:30:09Z,2021-12-17T16:30:09Z,0
Ugw-FAuPLc6H08Wju3x4AaABAg,kn0IZelsCoM,,False,@moizuddintemuri8631,Azad bhai! Idea bura ni hai... Azad Town and Azad Coin sath nikal dain ,0,2021-12-17T14:14:55Z,2021-12-17T14:14:55Z,0
UgxpRHjv_ub11j490th4AaABAg,kn0IZelsCoM,,False,@iosprogramming1122,Omer Aziz(Pakistani) already have made personal currency. (Block Chain). The USA calls him for the conference.,0,2021-12-17T07:44:02Z,2021-12-17T07:44:02Z,0
UgwDULCLP3CNFVfRyel4AaABAg,kn0IZelsCoM,,False,@ittractor9600,"with humble request point is , islaamic point s ye legal h ? bs ye guide kr den",0,2021-12-17T07:04:35Z,2021-12-17T07:04:35Z,0
Ugxr1LJsbyFPL2nNX7h4AaABAg,kn0IZelsCoM,,False,@almadinatulilam7682,Ap bhai es ko sekha do plz bhai mn krna chata hn plzzz bhai,0,2021-12-16T16:36:39Z,2021-12-16T16:36:39Z,0
Ugz8uOE4eohg4jR7SRp4AaABAg,kn0IZelsCoM,,False,@almadinatulilam7682,Mera apna ghar b ni likan ap k es k sekhany sy mera ghar bn b skta ha or chl b plz bhai mery apno ny mira ghar sail krwa dea tha or mujy dhokha dy dea mery sary paisy wo kha gay,0,2021-12-16T16:36:04Z,2021-12-16T16:36:04Z,0
UgwAGxoaCXBVdLT3-TF4AaABAg,kn0IZelsCoM,,False,@almadinatulilam7682,Bhai ap muju proper tarky sy sekha den bhai plz,0,2021-12-16T16:34:40Z,2021-12-16T16:34:40Z,0
UgwaXe3KplJ1RDZJb2Z4AaABAg,kn0IZelsCoM,,False,@almadinatulilam7682,Azad bhai ap ka no mil skta ha kia,0,2021-12-16T16:32:39Z,2021-12-16T16:32:39Z,0
UgwmPV_dcVQ3l80dlR54AaABAg,kn0IZelsCoM,,False,@misbahulain8498,Sir plz Pata karwayn yeh trading halal work hai ya ni,0,2021-12-16T09:45:46Z,2021-12-16T09:45:46Z,0
Ugw-ak4mrvYA3L8Ti614AaABAg,kn0IZelsCoM,,False,@saifislam.channel3183,He his big Faradia in Pakistan... please beware from his person .. For Shake  of Allah,0,2021-12-15T14:33:16Z,2021-12-15T14:33:48Z,0
UgzvqClsm-J4Bc0OXeN4AaABAg,kn0IZelsCoM,,False,@IMI-Brand-Channel2871,Choro pehlay is a kaho apna tenup KO tu Dobna sa bachaye kitna logo KO nuksan howa iska tenup leaka jhoot sab,0,2021-12-15T13:33:00Z,2021-12-15T13:33:00Z,0
UgwvC-FfxwBzYpIzns54AaABAg,kn0IZelsCoM,,False,@friends1867,üññ,0,2021-12-15T04:55:28Z,2021-12-15T04:55:28Z,0
UgzO9vP9pgpNuA403fx4AaABAg,kn0IZelsCoM,,False,@ImranKhan-dy6lh,Great,0,2021-12-14T18:23:00Z,2021-12-14T18:23:00Z,0
UgxohOwsWswdCtW1axd4AaABAg,kn0IZelsCoM,,False,@ImranKhan-dy6lh,Great,0,2021-12-14T18:19:28Z,2021-12-14T18:19:28Z,0
UgwvhWixQEGEmjEFaF14AaABAg,kn0IZelsCoM,,False,@BullaGamer1,Ye sab mery  upar sy ja Ra üòÅü§≠ü§£,1,2021-12-14T16:21:15Z,2021-12-14T16:21:15Z,0
UgyP1zyBer0Qa1bTCYZ4AaABAg,kn0IZelsCoM,,False,@khalassaraki3880,Ap nay astkugfirullah kony per q likha hy,0,2021-12-14T15:02:23Z,2021-12-14T15:02:23Z,0
UgwBRolnr8STSAR2Ni94AaABAg,kn0IZelsCoM,,False,@JigslyProduction,Waqar Bhai Course ki Playlist type banayen taky jo ab Join kar rahy han...wo Start sy bhe videos dekh sakain shukria,0,2021-12-14T11:54:34Z,2021-12-14T11:54:34Z,0
UgwbLWYDWoS5HISQ-3d4AaABAg,kn0IZelsCoM,,False,@watchit3202,Bat ye hai k Pakistan bohat peechay hai taqreeban 100 saal pechay isa liey iss becharay ko had say zyada mehnat krni pr rhi hai,0,2021-12-14T07:39:03Z,2021-12-14T07:39:03Z,0
UgzFc-ov5M4N5tPPvZB4AaABAg,kn0IZelsCoM,,False,@GAMES-jy7er,sir how i can start classes from waqar zaka,0,2021-12-14T05:09:52Z,2021-12-14T05:09:52Z,0
Ugxa3dMHdKH8Focbm794AaABAg,kn0IZelsCoM,,False,@aamersaeed1529,Alaaa bohat Alaaa.. Finally Pakistan b kisi cheez mein pehlay number par aa jaye,0,2021-12-13T14:48:14Z,2021-12-13T14:48:14Z,0
Ugy8-hhq5kK41qX9Dzd4AaABAg,kn0IZelsCoM,,False,@nailadanish7539,Waqar zakaüëç,0,2021-12-12T17:31:39Z,2021-12-12T17:31:39Z,0
Ugy-8r9rwDnX-JWPQg94AaABAg,kn0IZelsCoM,,False,@asifalikhan8677,FIA or Pakistan Customs abhi tak logo ko tag karahi hy ... Dalat mi is masly ka koi hal hoga?,0,2021-12-12T12:31:34Z,2021-12-12T12:31:34Z,0
Ugy-mP6r07BA7FZ-13J4AaABAg,kn0IZelsCoM,,False,@coolentertainment2627,"Anyone can guide me 
I want to join the group of waqar zaka and i want to learn crypto.",0,2021-12-11T10:21:05Z,2021-12-11T10:21:05Z,0
UgxnjmgJXTqHKtytBLl4AaABAg,kn0IZelsCoM,,False,@sananaz3627,"Waqar zakka , what a man he is , Azad chaiwala üëç Great show",2,2021-12-10T20:43:03Z,2021-12-10T20:43:03Z,0
UgwPxBko-ruGNdOafyB4AaABAg,kn0IZelsCoM,,False,@Shahfaisal-555,Star Electronic Jo Easypaisa Jazz Cash Ka kam Badmashi Se karte hain,0,2021-12-10T13:05:56Z,2021-12-10T13:05:56Z,0
Ugw_LUZUoJkjf0LPURV4AaABAg,kn0IZelsCoM,,False,@Shahfaisal-555,Bhai Plez Leemarkeet Karachi Par Bh Chapa Maro Jali Dockter Aur Cammisson Khane wale bhot hai Jaz chash Easypaisal,0,2021-12-10T13:04:30Z,2021-12-10T13:04:30Z,0
UgyoCMLIKiFaOuBjrNN4AaABAg,kn0IZelsCoM,,False,@abdulmomin6508,Waqar zaqa is the jake paul of Pakistan,1,2021-12-10T10:31:47Z,2021-12-10T10:31:47Z,0
UgyF0sHnv2amcPdG2aN4AaABAg,kn0IZelsCoM,,False,@iamnoob1637,Hi nice,0,2021-12-09T06:53:09Z,2021-12-09T06:53:09Z,0
Ugykb_jdy8287mgRzK54AaABAg,kn0IZelsCoM,,False,@ahkambutt7864,Imran khan se acha tha pakistani awam inhe hi chance dy deti,0,2021-12-08T18:53:31Z,2021-12-08T18:53:31Z,0
UgzsB35msuaqJOzzE5N4AaABAg,kn0IZelsCoM,,False,@ahkambutt7864,Love u waqar bhai,0,2021-12-08T18:52:58Z,2021-12-08T18:52:58Z,0
UgyboiWLyU72fSReFch4AaABAg,kn0IZelsCoM,,False,@Alpha-Pak,Government of Pakistan aapki susraal hay waqar sb kio k aap k ilawa to saray Pakistan k liay  mining banned hay.,0,2021-12-07T18:09:05Z,2021-12-07T18:09:37Z,0
UgwDsEDWq2LYJZPY7NZ4AaABAg,kn0IZelsCoM,,False,@logotai8841,"hello, I am testifying of Mrs Chloe on how she changed my financial status for good. little did I know that Bitcoin can elevate me, though I was never poor but my investment with her really increased my portfolio and I can't stay and watch people get scammed daily. salaries pays my bills but investing with her made me financially stabled, I will always testify of her good works.",0,2021-12-07T00:12:02Z,2021-12-07T00:12:02Z,0
Ugx2I8Ile8Unv54Jl-F4AaABAg,kn0IZelsCoM,,False,@davidhobbes9779,"Nice video,
It is really helpful to us traders, investing in crypto is the best and fastest way of making money, but only few understood the secret of crypto currency.",1,2021-12-06T23:22:39Z,2021-12-06T23:22:39Z,2
Ugx2I8Ile8Unv54Jl-F4AaABAg.9VciunHGvIP9Vcj98e3ZGS,kn0IZelsCoM,Ugx2I8Ile8Unv54Jl-F4AaABAg,True,@ortiz9426,"Yes crypto currency is very profitable especially with the current increase in value, but i still don't understand how this whole thing works.",0,2021-12-06T23:24:45Z,2021-12-06T23:24:45Z,0
Ugx2I8Ile8Unv54Jl-F4AaABAg.9VciunHGvIP9VcjOLaq-0E,kn0IZelsCoM,Ugx2I8Ile8Unv54Jl-F4AaABAg,True,@emilywatson2171,"I never expected to be this financially strong so easily, all thanks to crypto currency for helping me stand again. I love crypto-investment",0,2021-12-06T23:26:50Z,2021-12-06T23:26:50Z,0
UgxyJyxagjoE35P1oeh4AaABAg,kn0IZelsCoM,,False,@ahmednaseer8650,azad bhai waqar bhai se coaching kese len ?,1,2021-12-06T17:24:14Z,2021-12-06T17:24:14Z,0
UgxOhSobJrfUgC-E5wJ4AaABAg,kn0IZelsCoM,,False,@ahmednaseer8650,azad bhai visa card se bitcoin nh buy kr sak the q k website me master card ki zarwat hoti he aur master jaldi nh milta,1,2021-12-06T17:20:39Z,2021-12-06T17:20:39Z,0
UgxCe4NrodkhoZNj53h4AaABAg,kn0IZelsCoM,,False,@NumberSkills,I really respect this man now and so on.,1,2021-12-05T15:41:48Z,2021-12-05T15:41:48Z,0
UgwuXDCRsde5-uQfrml4AaABAg,kn0IZelsCoM,,False,@Qadeer-meer,In jeso Kay pechy time na zaya kro ap log hath se mehnat kro in jeso ki ibrat nak akhrat ap log khud dhekho gy .,0,2021-12-05T07:39:54Z,2021-12-05T07:39:54Z,0
UgxSg1GMdPKjXnRSMEh4AaABAg,kn0IZelsCoM,,False,@remembering3751,Is bratcoin or crypto currency halal or haram?,0,2021-12-04T18:17:48Z,2021-12-04T18:17:48Z,0
UgzqCz5dq-LX0P-oYHp4AaABAg,kn0IZelsCoM,,False,@rashidkasuri9206,Good energy ‚ò∫Ô∏è,0,2021-12-03T16:26:14Z,2021-12-03T16:26:14Z,0
UgxZ_QAC7IdXHQKU2WZ4AaABAg,kn0IZelsCoM,,False,@StartupIstan,apologies i feel he is full of shit lol,0,2021-12-03T11:10:55Z,2021-12-03T11:10:55Z,0
Ugxg62AGktZZwqIlS0J4AaABAg,kn0IZelsCoM,,False,@eshakhan854,Kesy start kiya ja sakta hai waqar zakabk sath kam,0,2021-12-03T08:28:28Z,2021-12-03T08:28:28Z,0
UgwO_V4jN7UjfDxlNLl4AaABAg,kn0IZelsCoM,,False,@blessinglight9970,Waqar zaka koi sekhay na seekhay apko apki niyat ka ajar Allah day day ha ap waqai chahtay ho logon ka bhala ho jay,0,2021-12-02T17:02:51Z,2021-12-02T17:02:51Z,0
UgyadTpbwmXGGGoNwg14AaABAg,kn0IZelsCoM,,False,@blessinglight9970,I am a doctor waqar zaka ko plz plz ye msg conway kar dain k main usay bohot bura samajhti thi .usnay bohot buray kam kie bhi hain is main shak nahi.but usnay khatme nabuwat k lie jo kam kia us par 100 khion bhi muaf hain usko.but usnay nahi kia rasool pak nay aor Allah Nay us say ye kam lia pata nahi uski konsi aisi naiki pasand ai k usay aisi khidmat ka moqa dia.waqar zaka ki sadhi bhi achi lagi.aor usnay aik dafa ye bat ki k quran pak k bad hamain kisi aor treaning aor guid line ki zarorat nahi.salam waqar zaka.plz ye msg pohncha dain maharbani hogi,0,2021-12-02T17:00:07Z,2021-12-02T17:00:07Z,0
Ugwx_MClCqTnRnlBxx54AaABAg,kn0IZelsCoM,,False,@superfilmz1992,Private group join karne ke liye become a supporter ko click karna hai ?,0,2021-12-02T08:07:52Z,2021-12-02T08:07:52Z,0
UgzN-nuCe2dpQl02BwF4AaABAg,kn0IZelsCoM,,False,@rizwantarar4208,I feel with my humble research is that day trading is like gambling if you're investing in a technology and thinking of it as a investment and holding your investment even if it dips that's not gambling...,0,2021-12-01T08:49:31Z,2021-12-01T08:49:31Z,0
UgxJfLQMQuianXG62MV4AaABAg,kn0IZelsCoM,,False,@kafeelmalik5999,Wish you gudluck iwana meet you waqar bhai I'm from media,0,2021-11-30T19:42:07Z,2021-11-30T19:42:07Z,0
UgzaKn-CxDZGEwZK5wB4AaABAg,kn0IZelsCoM,,False,@kafeelmalik5999,True very true,0,2021-11-30T19:40:05Z,2021-11-30T19:40:05Z,0
UgxtWH0ycZZsoh8pffl4AaABAg,kn0IZelsCoM,,False,@faltuone6949,Crypto currency halaal hai?,0,2021-11-30T19:14:06Z,2021-11-30T19:14:06Z,0
UgyKFv96SkQofs6XfAF4AaABAg,kn0IZelsCoM,,False,@zainulabdeen4668,Waqar zaka is very  brave.,0,2021-11-30T17:31:42Z,2021-11-30T17:31:42Z,0
UgwXdkxz1YlNBW4cjgp4AaABAg,kn0IZelsCoM,,False,@haroonch159,BHIA jan humara school ma book to change ho gia ha lakin abi tak computer nai ha,0,2021-11-30T03:41:02Z,2021-11-30T03:41:02Z,0
UgxJsj_rbkozROoOe0p4AaABAg,kn0IZelsCoM,,False,@zohaibahmed6736,"Azad bhai you are best man but Waqar zaka is immature, lier and dishonest man.",0,2021-11-29T20:19:58Z,2021-11-29T20:19:58Z,0
UgzeaQ2QF99D5HXe_1B4AaABAg,kn0IZelsCoM,,False,@androidwithsteve2629,"Azad bhai Please correct me on this point of view 
that is currency trading or bit coin mining or Bit coin trading haram or Hilal 
i am so disturbed due to this issue in my mind and this is why i can't be able to take any decision about it",0,2021-11-29T17:12:02Z,2021-11-29T17:12:02Z,0
UgxIe5KPSyysGwcy_654AaABAg,kn0IZelsCoM,,False,@emtyr864,Kya ye trading juwa nhi hai? Ye haram hai ya halal? I m confused üòñ,0,2021-11-29T10:29:09Z,2021-11-29T10:29:09Z,0
UgxxhplFl4V1wRib1Bl4AaABAg,kn0IZelsCoM,,False,@waqarakram2549,Like and comment for Waqar Zaka ‚ù§Ô∏è,0,2021-11-29T10:14:17Z,2021-11-29T10:14:17Z,0
UgwFWXuLXt6Xu1zpz5J4AaABAg,kn0IZelsCoM,,False,@anumayub5643,"Pakistani ma masla b to ha na bhai. Crypto pakistan sy nai ly sakty koi bhr link hona chaiya. Agr jis ka na ho wo b to Crypto ma enter nai ho saktaüò™üò™üò™

Just like meüòí",0,2021-11-28T15:39:00Z,2021-11-28T15:39:00Z,0
UgwVDhHXDsUF9-sN3W14AaABAg,kn0IZelsCoM,,False,@abrarghafoor4506,Nice üôÇ,0,2021-11-28T03:39:18Z,2021-11-28T03:39:18Z,0
UgxXL9IfbSLhXQgYSc54AaABAg,kn0IZelsCoM,,False,@digitalmind6451,Crypto like a  scam 1992. First you need to watch scam 1992 than enter into crypto.,0,2021-11-27T14:25:08Z,2021-11-27T14:25:08Z,1
UgxXL9IfbSLhXQgYSc54AaABAg.9VFaEzGOK5l9VNJ3SD8e-b,kn0IZelsCoM,UgxXL9IfbSLhXQgYSc54AaABAg,True,@bestmoviestrailerbestmovie8437,Yr Bhai us ki mujeh samajh hi Nahi ati,0,2021-11-30T14:20:12Z,2021-11-30T14:20:12Z,0
UgzGFA5ZQuzs8oZQWQt4AaABAg,kn0IZelsCoM,,False,@Ali-ry9tv,"Whatever wakar zaka was. Whatever his condition was or image was leave it. Everyone has dark past.
Now he is thinking about people. About our society. About Pakistan‚ù§Ô∏è",2,2021-11-27T12:16:14Z,2021-11-27T12:16:14Z,0
UgzoJLje6GUerCL-imF4AaABAg,kn0IZelsCoM,,False,@sohailabbas831,Plzz koi bata de k ye cripto kese seekh sakte hain or earning kese kr sakte hain????,0,2021-11-27T10:22:07Z,2021-11-27T10:22:07Z,0
Ugx9Imna6G8IckXEvGV4AaABAg,kn0IZelsCoM,,False,@sharpshooter4063,Get Pakistan moving. Let's go. Born in the UK and my heart aches when I don't see Pakistan leading. We need to all get it moving.,3,2021-11-26T22:38:15Z,2021-11-26T22:38:15Z,0
UgxlyPCJyxIHnMOrr194AaABAg,kn0IZelsCoM,,False,@„ÉüexD7DYÂΩ°,"Waqar Zaka Sahb ko Noble Prize milna Chahiye, or InshaAllah zarur milega, Malala ko Q diya jb k usne Pakistan k liya kya kiya, ye wo banda hai jisko Pakistani Awam agly 100 saal tk nhi bhoolegi insha'Allah.",0,2021-11-26T21:08:29Z,2021-11-26T21:08:29Z,0
UgypNQWy0JrLSFqfJbd4AaABAg,kn0IZelsCoM,,False,@kitchenwithmam,What is crypto,0,2021-11-26T16:20:42Z,2021-11-26T16:20:42Z,0
Ugyf-NzIbm8Dc2DfGkJ4AaABAg,kn0IZelsCoM,,False,@muhammadpervez7086,I agree future trading is very risky,0,2021-11-26T15:20:31Z,2021-11-26T15:20:31Z,0
UgxLRPNfVpQzJOSzFnd4AaABAg,kn0IZelsCoM,,False,@ivictori955,Free crypto signal groups all over net bro,0,2021-11-26T07:33:54Z,2021-11-26T07:33:54Z,0
UgyfojCoRDSZalPAsKZ4AaABAg,kn0IZelsCoM,,False,@ivictori955,All lairs scammers agar itni kamaya he tu support button deactivate kyun nahi karte crypto is gud wen mining not in trading,0,2021-11-26T07:27:18Z,2021-11-26T07:27:18Z,0
Ugym4xfQ9G8HsboPqCJ4AaABAg,kn0IZelsCoM,,False,@AWAMALNAS,Waqar zaka is promoting israeli base trading company etoro,0,2021-11-25T18:23:00Z,2021-11-25T18:23:00Z,0
UgyWgx02y5y2E2XQL0B4AaABAg,kn0IZelsCoM,,False,@worldentertainment4069,⁄©Ÿàÿ¶€å ⁄©ÿßŸÖ ⁄©€å ÿ®ÿßÿ™ ⁄©ÿ± ÿ®⁄©Ÿàÿßÿ≥ ÿ®ŸÜÿØ ⁄©ÿ± €å€Å ÿÆŸàÿØ ⁄©ÿßŸÜ⁄àŸà €Å€í,0,2021-11-24T18:04:26Z,2021-11-24T18:04:26Z,0
Ugz3wquDlTP6T1oCdcB4AaABAg,kn0IZelsCoM,,False,@rehanamir2766,"Azad bahi and zaka Bahi i had questions for u ,, pm khan wants to increase the wealth of Pakistan üáµüá∞ to spend money on country with all legal methods but What is the opinion of Govt For rejection of Crypto what difficulties are for govt to use Crypto why the are not using this ??",0,2021-11-24T13:44:20Z,2021-11-24T13:44:20Z,0
UgyV68czqIkGFwGob614AaABAg,kn0IZelsCoM,,False,@Omer-Almas,Who is Waqar Zaka,0,2021-11-24T07:26:23Z,2021-11-24T07:26:23Z,0
UgxR9aF7HhEsCGnBmD14AaABAg,kn0IZelsCoM,,False,@drharun4943,Waqar zaka...Yeh wrong number hai,0,2021-11-23T17:31:06Z,2021-11-23T17:31:06Z,0
UgwjEfQHhIJfUynlZ3h4AaABAg,kn0IZelsCoM,,False,@mamakijani1738,Bitcoin is legal in Islam... tell ans,0,2021-11-23T04:59:54Z,2021-11-23T04:59:54Z,0
Ugx8TJc3hgmuW8St2XJ4AaABAg,kn0IZelsCoM,,False,@aashir_rj,Need next part,0,2021-11-22T16:18:57Z,2021-11-22T16:18:57Z,0
UgytHG3X81Kv37KCKsJ4AaABAg,kn0IZelsCoM,,False,@muhammadhusnain3230,SIR is there any conspiracy that crypto&Digital currency is Halal or Hram  in Islam.?? bcz so many MUFTI's calling it Haram,0,2021-11-22T10:31:09Z,2021-11-22T10:31:09Z,0
UgyZ9t4cUPQwEiWagRl4AaABAg,kn0IZelsCoM,,False,@KingsDream,"Waqar Zaka seriously is a man of honor, sab ka ik time hota hai age ka hissa hota hai har masti ka, lekin the things he has been doing for pakistan and humanity has not been taken seriously. May Allah reward him, guide him to the right path with all of us, gives him sawab and hum sab ko bhi aesa amal karne ki toufeeq dy ameen. Really Kodos Waqar Bhai .: )",2,2021-11-21T23:01:45Z,2021-11-21T23:01:45Z,0
UgxUBBd85PkGvVrGYmt4AaABAg,kn0IZelsCoM,,False,@JD-007,"Good discussion that was,  really inspired once again.",0,2021-11-21T20:39:24Z,2021-11-21T20:39:24Z,0
UgzN9CgwmXBolXSHNX54AaABAg,kn0IZelsCoM,,False,@letsenjjoy,Azaad Chiawala i will never say to work on Bitcoin üòÅ Because he knows Bitcoin is not Legal,0,2021-11-21T15:45:36Z,2021-11-21T15:45:36Z,0
UgxKqFeInhG8fMBDf-V4AaABAg,kn0IZelsCoM,,False,@khizarakmal4348,Sir my name is Muhamma Khizar from muridke..sir main film tv (as a camera operator)kaam Karna chahta hun but Ghar Waly kehty Hein pehly inter Karo sir main is feild Mein passion rakhta hun but fanancially hum week Hein  mujhy koi suggestions dy dy plz main kafi confuse aur depression ka shikar hun kindly Meri help kar dy...plz ... Allah apko mazeed kamyab kary aur ap kafi helpfull ho sakty hein mere liye..,0,2021-11-20T13:53:47Z,2021-11-20T13:53:47Z,0
UgxXS__MI_GcpIWBpL14AaABAg,kn0IZelsCoM,,False,@zainabnoor5182,Waqar zka k group ka link share karain plz jahan wo crypto sikhatay hain. Mujay b sikhna hai ye kya hotahai. Blank about this...,0,2021-11-20T11:22:51Z,2021-11-20T11:22:51Z,0
UgxKGQdrHGc4N86sT-V4AaABAg,kn0IZelsCoM,,False,@aliahsan2394,"Berozgaaron ki Jaib pr daaka dalny Ky liy Acha jawaaz banaya hoa hyüòÇ
Ager wyse hi hy jysa app keh rhy ho to phir training khtam hony pr fees wapis krr dia kro.",1,2021-11-20T08:40:04Z,2021-11-20T08:40:04Z,0
UgyCXQs-DG1unRcmRiN4AaABAg,kn0IZelsCoM,,False,@alexjones55555,"Bhai jan, why not just go for WELL ESTABLISHED source of income like FOREX trading? Cryptocurrencies don't have a certain future.",0,2021-11-20T02:24:49Z,2021-11-20T02:24:49Z,0
UgxCIjdtDBCQEMZ6YyR4AaABAg,kn0IZelsCoM,,False,@sadiazohaib1488,üëç,0,2021-11-19T19:43:59Z,2021-11-19T19:43:59Z,0
UgxBLkOBTk-NlVn0F7p4AaABAg,kn0IZelsCoM,,False,@Zahravillas,How I can join waqar zaka,0,2021-11-19T13:51:29Z,2021-11-19T13:51:29Z,0
Ugwm5IkdTplG74Y_WBF4AaABAg,kn0IZelsCoM,,False,@protecthumanity5652,Actual Hero of the Nation. ‚ù§ GOD BLESS you üå¥,1,2021-11-18T21:37:23Z,2021-11-18T21:37:23Z,0
UgzDR3n1TR7Snfqb7eF4AaABAg,kn0IZelsCoM,,False,@orgoherb,"The superb picture and transformation of Waqar Zaka üëçüèºMA thinking about your country and people is always amazing‚ô•Ô∏è
PAKISTAN ZINDABADüáµüá∞",1,2021-11-18T19:12:34Z,2021-11-18T19:12:34Z,0
Ugxon6M9sceOuSqevu54AaABAg,kn0IZelsCoM,,False,@drtabishraza9316,waqar zaka ne apne ap ko bhut change kara Hai.,0,2021-11-18T10:57:10Z,2021-11-18T10:57:10Z,0
UgwPPvOIlHVvYZZQvXt4AaABAg,kn0IZelsCoM,,False,@aursunao7431,Crypto is Haraam,0,2021-11-18T09:58:48Z,2021-11-18T09:58:48Z,0
UgyKYbTLJPBfWhiQqRJ4AaABAg,kn0IZelsCoM,,False,@gulljana4300,Zaka Bhai hero hai,0,2021-11-18T06:45:21Z,2021-11-18T06:45:21Z,0
UgxkO3NjI1FyRX0ui4F4AaABAg,kn0IZelsCoM,,False,@tumtubetv4187,"Yea paisa bnake ke nikal jyga
Baki hilate rehna",1,2021-11-17T07:00:32Z,2021-11-17T07:00:32Z,0
UgyfJ4ER_4Ku5nCuYfV4AaABAg,kn0IZelsCoM,,False,@MuhammadZeeshan-ok1yd,Sir I am a student of Fsc pre engineering  which subject I choose further for graduation I want to bacome a software engineer,0,2021-11-17T06:36:15Z,2021-11-17T06:36:15Z,0
Ugy85Huup2prrFSH2Rl4AaABAg,kn0IZelsCoM,,False,@salmanshaikh6080,Waqar bhai kam se kam kitne injest karne ho ge,0,2021-11-16T14:57:14Z,2021-11-16T14:57:14Z,0
UgyE8JqcPIhEfOydmwV4AaABAg,kn0IZelsCoM,,False,@Greater-w2s,what the law of pakistan about crypto currency,0,2021-11-15T22:27:51Z,2021-11-15T22:27:51Z,0
UgyrspmMu0DkE3q8TMl4AaABAg,kn0IZelsCoM,,False,@tariqpuri1000,Want to join group please send me link,0,2021-11-15T21:56:21Z,2021-11-15T21:56:21Z,0
Ugz4OgHZrNxsNG1j8jF4AaABAg,kn0IZelsCoM,,False,@TopUpp,"Lov from indiaüòç ‚ù§‚ù§, 
I hav a qustn, crypto currency is halal or haram, plz tell meü•∫ü•∫üí≠ü§î",0,2021-11-15T17:27:20Z,2021-11-15T17:27:20Z,0
UgxaA8-cMty1qWRJjdh4AaABAg,kn0IZelsCoM,,False,@HUNTERGAMING01,"Aoa
Sir kindly help me 
I have question 
Is crypto haram",0,2021-11-15T13:51:41Z,2021-11-15T13:51:41Z,0
UgxyaWS5jO5kOt81jkZ4AaABAg,kn0IZelsCoM,,False,@aishahasmi5907,ÿÆŸàÿØ ÿ≥Ÿà⁄Ü ŸÑŸà ÿ¨ÿ® ÿØŸÜ€åÿß ÿßŸæ⁄©€Å ⁄©ÿ¶€í ⁄æ€í ⁄ØŸÜÿß⁄æ ÿßŸàÿ± ⁄ØŸÜÿØ ŸÜ€Å€å⁄∫ ÿ®⁄æŸàŸÑÿ™€å ÿ™Ÿà ÿßÿπŸÖÿßŸÑ ŸÜÿßŸÖ€Å ÿ≥€í ⁄©€åÿ≥€í ⁄æŸπÿßŸà⁄Ø€í ŸÇÿ®ÿ± ŸÖ€å⁄∫ ÿ≠ÿ≥ÿßÿ® ÿØ€åŸÜÿß ⁄æ€í€îÿ∫ŸÑÿ∑ ÿßŸàÿ± ⁄ØŸÜÿß⁄æ ÿ≥€í Ÿæ€ÅŸÑ€í ÿ≥Ÿà⁄ÜŸÜÿß ⁄Üÿß€Å€å€í€î,0,2021-11-14T22:26:54Z,2021-11-14T22:26:54Z,0
Ugwcba6esx_9_5I34gl4AaABAg,kn0IZelsCoM,,False,@owaisshahab720,Can someone tell me this 'astaghfirullah' written on Waqar side :),0,2021-11-14T16:41:01Z,2021-11-14T16:41:01Z,0
UgxHLYGRycJ3S-JVFrN4AaABAg,kn0IZelsCoM,,False,@SMshah-fo2lh,Thanks alot Waqar Zaka and Azad.. for this information...,0,2021-11-14T09:30:27Z,2021-11-14T09:30:27Z,0
UgzMx1l1BplaxJicgdp4AaABAg,kn0IZelsCoM,,False,@wantedbunny9550,Waqar zaka sir ap jesa genius pore Pakistan me koi nhi sir love u ‚ù§Ô∏èüî•,1,2021-11-13T22:09:18Z,2021-11-13T22:09:18Z,0
UgyeVOhSvxGVBNsvgUN4AaABAg,kn0IZelsCoM,,False,@khalidsaeedilang4547,Good work bahi Jan,0,2021-11-13T18:01:53Z,2021-11-13T18:01:53Z,0
Ugw3AdXZlgdkWYKdZdV4AaABAg,kn0IZelsCoM,,False,@okay33,Two hero in one video love both ALLAH PAK kamyab kre AMEEN,4,2021-11-13T16:21:35Z,2021-11-13T16:21:35Z,0
UgztXY9-tH_3FM6dRkB4AaABAg,kn0IZelsCoM,,False,@16rqa,"24:36 
999999999999999999999$ Words Waqar Zaka üëåüèªüëåüèªüëåüèª",2,2021-11-13T10:56:59Z,2021-11-13T10:56:59Z,0
UgyHH6FliS2oqSeBnFx4AaABAg,kn0IZelsCoM,,False,@16rqa,Main Waqar Ko Start sy dekh rhi hon ...waqar zaka mujhy start sy pasand tha bus lambay baal na psand thay.. üòù Waqar Humesha say ek dum sahi banda hai...  100%,0,2021-11-13T10:46:58Z,2021-11-13T10:46:58Z,0
UgwPNzGPYtHHN5QtgLh4AaABAg,kn0IZelsCoM,,False,@Pearllllssss,"Despite a booming crypto industry, the East Java branch of the Indonesian Islamic organisation Nahdlatul Ulama (NU) has declared cryptocurrency 'haram', or forbidden under Islamic law.29-Oct-2021",1,2021-11-13T03:29:13Z,2021-11-13T03:29:13Z,0
UgxVdxwA9yUvatSzvl94AaABAg,kn0IZelsCoM,,False,@thewaqasmalik,Azad Bhai crypto currency fraud nahe hai ? Forex ko to apny spam kaha tha,0,2021-11-12T21:27:42Z,2021-11-12T21:27:42Z,0
Ugzhldr2x7mx2qOYLJp4AaABAg,kn0IZelsCoM,,False,@arunsingh-vu6wb,Warne Buffet.. Hyperlink :D :D :D,0,2021-11-12T10:44:13Z,2021-11-12T10:44:13Z,0
UgxBYK8trPDPKiwAaE14AaABAg,kn0IZelsCoM,,False,@mariabano123,"pls research on bitcoin trading being halal /permissible in deen and then decide. It is not a halal source of earning. Only shared for public benefit, if you like it then take it and if you dont like it you may ignore it at your own cost. Peace out.",0,2021-11-12T07:00:45Z,2021-11-12T07:00:45Z,0
UgyX3pqW60E5pdHyD2x4AaABAg,kn0IZelsCoM,,False,@UmairMasih826,Sir ap ka office kaha par hai,0,2021-11-12T02:06:56Z,2021-11-12T02:06:56Z,0
UgxFldsouO7DQXKLAoZ4AaABAg,kn0IZelsCoM,,False,@seharkhan300,Aoa kaise hai ap dono mujy b earning karni hai apni family k lie job karti hu leken job se kuch setel nai ho pari hu mujy b bata den mahnti hu but log acha nai hai koi b sub matlb rakte dil nai manta isle her jaga se job khtm hojati hai mujy family k lie bht kuch krna mujy bata den koi saf clear rasta.. ma b karna chati hu,0,2021-11-11T22:48:08Z,2021-11-11T22:48:08Z,0
Ugza2sUrX8W_W_h45Z14AaABAg,kn0IZelsCoM,,False,@sasonlinestore,Waqar bhai kya ABI ap k group ma join ho skty ha,0,2021-11-11T19:01:14Z,2021-11-11T19:01:14Z,0
UgwRR4It1IggEh4IwIl4AaABAg,kn0IZelsCoM,,False,@neowick9641,1:10 traceable hahha  bitcoin mixer ya Tumbler suna hai ü§£ü§£,0,2021-11-11T13:15:20Z,2021-11-11T13:15:20Z,0
Ugx2m13RkkDtuhctbTx4AaABAg,kn0IZelsCoM,,False,@athartaj6341,waqar zaka ka wattasappa number kya hai ?,0,2021-11-11T06:47:53Z,2021-11-11T06:47:53Z,0
UgyXrp7x4hf8YGwmlIt4AaABAg,kn0IZelsCoM,,False,@SlekPro,Love from New York. Etf crypto,0,2021-11-11T05:44:28Z,2021-11-11T05:44:28Z,0
Ugyts77hXVzDrIHeWcp4AaABAg,kn0IZelsCoM,,False,@NASEErCAPTAn210,"Azad bhai
Love you
Aap good ho sir g
Allah pak apko 2much more kamyab kry. Aameen 
Good person Azad bhai",2,2021-11-11T04:39:21Z,2021-11-11T04:39:21Z,0
UgyrEHhdoFbM2pZHsOB4AaABAg,kn0IZelsCoM,,False,@tanopapo6299,Crypto is very very good for house wife.,0,2021-11-10T05:12:49Z,2021-11-10T05:12:49Z,0
UgxtaiLOzh5BqZqZ6mR4AaABAg,kn0IZelsCoM,,False,@hamidnawaz918,how to join his team any link contact etc any one can share,0,2021-11-09T18:58:51Z,2021-11-09T18:58:51Z,0
UgxY3B3flWvKBevQ-X94AaABAg,kn0IZelsCoM,,False,@UnboxingVilla_,‚ù§Ô∏è‚ù§Ô∏è‚ù§Ô∏è‚ù§Ô∏è‚ù§Ô∏èüëåüáµüá∞üáµüá∞,0,2021-11-09T18:23:45Z,2021-11-09T18:23:45Z,0
UgzqqX16ypPfqMExlQV4AaABAg,kn0IZelsCoM,,False,@anthonydoerr8027,"Bro last wali baat ka sense nahi banta kay Crypto Mat Seekha kyu k paisa park huawa hai, isnt it joke ? jis k pass hazaro main bitcoin hain tu bhai woh tu duniya main kahi bhi withdraw kar sakta hai or legal paisa declare kar k pakistan main la sakta hai ...",0,2021-11-09T10:17:20Z,2021-11-09T10:17:20Z,0
UgzQ30_Yye2DAz2a0DN4AaABAg,kn0IZelsCoM,,False,@anthonydoerr8027,Dear bro Crypto Trading par loog dependent ho rahay han jo kay ghalat hai as a nation humey skilled and educated hona hai for our country warna humaray country main skilled workers ki shortage hojayegi,0,2021-11-09T09:56:15Z,2021-11-09T09:56:15Z,0
UgzrQx2v_d_XFm-8Zet4AaABAg,kn0IZelsCoM,,False,@atcvlogs2151,Azad bahi grate work MASHALLAH,0,2021-11-08T22:34:17Z,2021-11-08T22:34:17Z,0
Ugw51XZHx0cZ7C256C94AaABAg,kn0IZelsCoM,,False,@Honneycollection,Bekar fazol chakru mein logon ko phsa rha hai wakar zaka apni dukan dari chamka rha hai saal pura 100$ dollars dety rho bhai tu itna changa hai qoum ky liye kuch karna chahta hai to free mein seikha or logon ka bhla kar,0,2021-11-08T17:39:00Z,2021-11-08T17:39:00Z,0
UgxMDClAMVLu1SBhM8R4AaABAg,kn0IZelsCoM,,False,@Adeeltv350,Mene account active kia ha btc pr tu is me deposit kase krna ha,0,2021-11-08T14:29:04Z,2021-11-08T14:29:04Z,0
Ugw5A9cd_h56L5435uF4AaABAg,kn0IZelsCoM,,False,@pandaofthemetaverse2129,Now you don't have to leave the country learn how to invest in foreign companies and assets but gain fundamental knowledge before investing. Join me if you want to learn,0,2021-11-07T16:43:46Z,2021-11-07T16:43:46Z,0
Ugx6aWR_Wzv8YFGUXeh4AaABAg,kn0IZelsCoM,,False,@abdulqayyum985,Good ..,0,2021-11-07T13:57:15Z,2021-11-07T13:57:15Z,0
Ugzk-S2JdvT43nRj3gN4AaABAg,kn0IZelsCoM,,False,@alishoaib1928,Can we Learn NFTS in Waqar Zaka Group ????,0,2021-11-07T13:43:13Z,2021-11-07T13:43:13Z,0
UgxJNW_TNLj6w4SPX0t4AaABAg,kn0IZelsCoM,,False,@zainkhan3563,"I took crypto Seriously, i after i pay group fee üòÇ",0,2021-11-07T07:21:44Z,2021-11-07T07:21:44Z,0
Ugy4rnxmaNXfvlYhebV4AaABAg,kn0IZelsCoM,,False,@zainkhan3563,"I took crypto Seriously, i after i pay group fee üòÇ",0,2021-11-07T07:21:27Z,2021-11-07T07:21:27Z,0
UgzX-IaNglBghSZoL_l4AaABAg,kn0IZelsCoM,,False,@nazjawwad5063,I need to join his group. Can anyone share the link please. Thank you,0,2021-11-06T20:29:07Z,2021-11-06T20:29:07Z,0
Ugxl9444YPmTx1ugq7d4AaABAg,kn0IZelsCoM,,False,@hopeisreal1,Waqar zaka exposed hahahaha lol sasta clickbait,0,2021-11-06T20:08:50Z,2021-11-06T20:08:50Z,0
Ugzuff6l4t2kv5mfBLl4AaABAg,kn0IZelsCoM,,False,@Vikkilogs,Iska crypto group paid hone k qabil nae ha Azad Bhai aap Khud join Kar k dekhlO is se kum paise Lene waley is se Acha content derahe Hain learning keliye or signals b dete Hain scalping b krwate Hain. Haan legally isne Jo Kia Woh qabile tarif ha but jis group ko ye Ahsan smjhta ha Woh iski dukan ha learner keliye Kisi Kam ki nae ha,0,2021-11-06T16:26:15Z,2021-11-06T16:26:15Z,1
Ugzuff6l4t2kv5mfBLl4AaABAg.9UPjPhM9cUj9q1ZY82ZhZg,kn0IZelsCoM,Ugzuff6l4t2kv5mfBLl4AaABAg,True,@Rj-Plays99,Tou ap bta dein koi aur source kindly jahan sy seekh skhty hain a to z?,0,2023-05-22T23:11:34Z,2023-05-22T23:11:34Z,0
UgzA8boyE4_PfEL-Jah4AaABAg,kn0IZelsCoM,,False,@HussainPoetryOfficial,"31:21
Crypto ko open heart surgery samjhain.üòÑ",1,2021-11-06T16:21:22Z,2021-11-06T16:22:32Z,0
Ugy4u4-5XIxN8GT9HXV4AaABAg,kn0IZelsCoM,,False,@HussainPoetryOfficial,"28:52
Q: Kitny Paisy hain aap k paas?üòí
A: Kaharboon.üòò",1,2021-11-06T16:16:38Z,2021-11-06T16:17:52Z,0
UgzYFI7ztvnAcn7R23h4AaABAg,kn0IZelsCoM,,False,@HussainPoetryOfficial,"28:49
Trust in innocent pakistani
Main kahoun to ratoon raat de daingy üòòüî•",0,2021-11-06T16:15:26Z,2021-11-06T16:17:32Z,0
UgxeydgJXn9BYKNfl2p4AaABAg,kn0IZelsCoM,,False,@TanzeelJutt-ej5wp,Forex ko tu apne haram Keh diya hai,0,2021-11-06T13:06:54Z,2021-11-06T13:06:54Z,0
UgyXNIR6PblBqQm6w_R4AaABAg,kn0IZelsCoM,,False,@TanzeelJutt-ej5wp,Azad Bhai ye market Halal hai nai,0,2021-11-06T13:06:19Z,2021-11-06T13:06:19Z,0
Ugwp6KTFq93sGWiXYTR4AaABAg,kn0IZelsCoM,,False,@Softsouls123,Keep it up WAQAR ZAKA we are with you....,0,2021-11-06T12:03:51Z,2021-11-06T12:03:51Z,0
UgzVr053zad_2NR8ktV4AaABAg,kn0IZelsCoM,,False,@shahzaibali4179,Yaar bs crypto totally regulate hojaye,0,2021-11-06T03:59:09Z,2021-11-06T03:59:09Z,0
UgzqULuCUv1x996Lxvt4AaABAg,kn0IZelsCoM,,False,@alwayscurious1593,Is it halal??,0,2021-11-05T20:39:55Z,2021-11-05T20:39:55Z,0
Ugzt30yQnu7XL9dn7N94AaABAg,kn0IZelsCoM,,False,@AlphaFxlearningcenter,azad bahi waqat zaka ka number de skye he m kese rabta kron my lazmi chayae,0,2021-11-05T20:39:36Z,2021-11-05T20:39:36Z,0
UgzayHXcWFQPam_cAix4AaABAg,kn0IZelsCoM,,False,@alwayscurious1593,Azad Bhai what is crypto? how ladies can do please guide to beginners,0,2021-11-05T20:36:41Z,2021-11-05T20:36:41Z,0
Ugzw5flrJp2qySZ57Qx4AaABAg,kn0IZelsCoM,,False,@AlphaFxlearningcenter,waqar bahi me quetta se hon or mujay shadeed help ki zaorat hae,0,2021-11-05T20:34:56Z,2021-11-05T20:34:56Z,0
UgyT5hmhp8Nfg4ClG8R4AaABAg,kn0IZelsCoM,,False,@AlphaFxlearningcenter,sir waqar  me kese apse rabta kron m n minning ka tariqa pochna hae,0,2021-11-05T20:33:51Z,2021-11-05T20:33:51Z,0
Ugxzpwe83bv1SKuWTHJ4AaABAg,kn0IZelsCoM,,False,@InnerDrive6,Assalamalikum Kya india se Sikh sakte Hain?,0,2021-11-05T17:09:11Z,2021-11-05T17:09:11Z,0
UgxfqxDZ1yRvQ-YpY8h4AaABAg,kn0IZelsCoM,,False,@moizkhan2791,good h bhi,0,2021-11-05T16:23:49Z,2021-11-05T16:23:49Z,0
UgwNYxH-jBx1AyZ9id54AaABAg,kn0IZelsCoM,,False,@ibraheemq7859,is it halal??,0,2021-11-05T15:19:00Z,2021-11-05T15:19:00Z,0
UgwqYRdyKH0xC_lRjoF4AaABAg,kn0IZelsCoM,,False,@naqibrownvlogs,üëçüëç,0,2021-11-05T14:47:54Z,2021-11-05T14:47:54Z,0
UgwgQv6-TEXdaPoDlBp4AaABAg,kn0IZelsCoM,,False,@classic.phalia7220,Azad bhai this show is awesome. I am learning a lot from this show.,3,2021-11-05T07:00:42Z,2021-11-05T07:00:42Z,0
Ugy79a7AkjsYdbGg_Bp4AaABAg,kn0IZelsCoM,,False,@bubblefacts5950,Waiting for a kind hearted person ‚ô• who can support me from his heart ‚ô•,0,2021-11-05T05:50:56Z,2021-11-05T05:50:56Z,0
UgxWlGvURFHFcrscS554AaABAg,kn0IZelsCoM,,False,@ballastic8259,Bro please batana refreal kya h crypto ma please azad bahi,1,2021-11-04T20:41:53Z,2021-11-04T20:41:53Z,0
Ugz_sQvWgbR-tOfu8NJ4AaABAg,kn0IZelsCoM,,False,@AbdulRehman-qb6de,I can create your token if u want.,0,2021-11-04T17:04:10Z,2021-11-04T17:04:10Z,0
UgyQrFaigWMmVrSH6Nl4AaABAg,kn0IZelsCoM,,False,@aliriaz1608,You need to buy shiba inu  or saitama.,0,2021-11-04T08:56:07Z,2021-11-04T08:56:07Z,0
Ugwrpt1Vvmd2p4jYik94AaABAg,kn0IZelsCoM,,False,@athara125,very good waqar zaka. You actually have done things that a normal pakistani would never do in his life time. thanks,0,2021-11-03T23:11:58Z,2021-11-03T23:11:58Z,0
UgzTbOVc8-JfP8qeSo94AaABAg,kn0IZelsCoM,,False,@MuhammadAli-mc2qj,one of the best video of your channel,0,2021-11-03T22:42:06Z,2021-11-03T22:42:06Z,0
UgwsefMD9N0SaIp10Wp4AaABAg,kn0IZelsCoM,,False,@samadbrohi3179,Waqar bhai apkai liyai merai dil mai apki izzat into 100 hogai hai,1,2021-11-03T19:37:49Z,2021-11-03T19:37:49Z,0
UgxHG7dKwjTKlyF2eXh4AaABAg,kn0IZelsCoM,,False,@jasonhunter2367,its not permissible ...haram earning,0,2021-11-03T18:39:12Z,2021-11-03T18:39:12Z,0
Ugx7n0NeX0fZtToL_wF4AaABAg,kn0IZelsCoM,,False,@saimaslam2034,‚ÄúYou have the creativity and determination to do whatever you can dream. I hope you feel proud today and confident in your ability to rise to your next challenge.‚Äù,1,2021-11-03T12:25:20Z,2021-11-03T12:25:20Z,0
UgzxyyrOFs1nRCXNcjp4AaABAg,kn0IZelsCoM,,False,@saimaslam2034,‚ÄúYou have the creativity and determination to do whatever you can dream. I hope you feel proud today and confident in your ability to rise to your next challenge.‚Äù,7,2021-11-03T12:25:15Z,2021-11-03T12:25:15Z,0
UgyVNv2PwkbBSDMjb_t4AaABAg,kn0IZelsCoM,,False,@ranaraheelpk,ÿ≥ÿ± ⁄©€åÿß ÿßÿ® ÿ®⁄æ€å ÿßÿ≥ ⁄Øÿ±ŸàŸæ ŸÖ€å⁄∫ ÿ¥ÿßŸÖŸÑ ⁄æŸà ÿ≥⁄©ÿ™€í €Å€å⁄∫ÿü,0,2021-11-03T09:30:50Z,2021-11-03T09:30:50Z,0
UgwnOeWG66B8S48BLpV4AaABAg,kn0IZelsCoM,,False,@letsdiscover5801,If anyone wants complete crypotocurrency trading course basic plus advance level just inbox me,1,2021-11-03T07:25:23Z,2021-11-03T07:25:23Z,0
Ugw36MQ9FesyoWP356B4AaABAg,kn0IZelsCoM,,False,@hasnainawan2982,sari baten thek he but ye bataen ke ye hallal he ya haram,0,2021-11-02T23:29:32Z,2021-11-02T23:29:32Z,0
UgxAoSuIvreELmUMIUB4AaABAg,kn0IZelsCoM,,False,@saifi8225,Awam ki soch ye he ke ap log larkiyo ki Tarah q Bethe he? üòÅ,0,2021-11-02T16:21:15Z,2021-11-02T16:21:15Z,0
Ugyi6adl_CqroaX6Ny54AaABAg,kn0IZelsCoM,,False,@sohailmotivation10,Intro Background music.....???,0,2021-11-02T12:17:43Z,2021-11-02T12:17:43Z,0
Ugzc3DALw6IpTFF567B4AaABAg,kn0IZelsCoM,,False,@zeetube8407,Yh Elon musk bna chta hai,0,2021-11-02T02:53:21Z,2021-11-02T02:53:21Z,0
